0.9045571271330929,-0.042468701744984065,-0.09592025519469918,0.07369230228842687,-0.10020564123397177,-0.03908422589657421,0.026496296534403167,-0.03369728694368631,0.05458458253214425,0.06344661582302136,-0.04739629651431935,0.06867268149915026,-0.0811002810464336,0.05713096589771464,-0.0182108474941525,0.03959337029777129,-0.13809883707201592,0.030278838660206513,-0.015999358464701713,-0.06291555080973824,0.04817148081941778,-0.03342249764284917,-0.05963324729692302,-0.05199757827420974,0.0619664405731268,0.10943280319623905,0.08662025567999722,-0.11843495048655184,-0.097137778703226,-0.0036425981487947148,-0.09490571128332727,-0.12242203349588811,0.1027467284101333,0.09251043780661866,0.023738685160324544,0.026779162018957338,0.0045810293095605616,0.04376777131206717,-0.08229826629689381,0.027294731543433953,-0.12840968737158928,-0.0851724357619124,-0.15936329805256907,0.02924714639665674,0.18188955560188041,0.034227237981584044,0.06459382753942788,-0.011248409174170398,-0.07124828977620297,-0.13257625045933955,0.0941882593653688,-0.12847086018588724,0.018164316642815304,-0.05751626146121061,-0.11567408294551733,-0.05022597041316057,-0.0039477992323529824,-0.14327758558510117,-0.05300227809214255,0.017517615363019656
-0.04337407330637929,0.747578339714071,-0.12268442758198987,-0.06101265929948071,-0.04898837684090709,-0.11961703953087452,-0.0048817613173474175,-0.10145908400137589,-0.07639505571053341,0.08078365350608908,-0.03995733346667376,0.07511065184977518,-0.041179492702529366,0.05149025849690046,-0.08989721388926668,0.2400301158008782,-0.0026256672443047877,-0.03630271426763375,-0.020732217778384673,0.17082602676343459,-0.03512069490104161,-0.16246351717493834,0.06372477042992272,-0.05136142438183361,-0.044183088822652976,0.036726229213638134,-0.005901970092028774,-0.03180730782270091,0.04734608944724966,0.11255429378221501,0.09554096210446272,-0.08356233115720922,-0.01726467731588399,-0.06681012458966196,-0.05790272712003778,0.05865909974612422,0.04408551262100219,0.052924891876692776,0.08869291154281525,0.06363810410188805,-0.1420507739033815,0.04859797867072936,0.01028448081085328,0.07086465954259082,0.14510305645054403,0.020897143068517116,-0.011772734622396653,-0.05242117245498093,-0.0761014695301717,-0.024153178901711272,0.12808647848808144,0.06794338582286254,-0.02653280008235991,-0.11123066193590575,0.09193270197670683,-0.13269515038254992,0.05054189738109213,-0.05319947540366723,-0.00400405810743136,0.001421272415911147
0.020903237788046362,0.04847608987908639,0.9034619571102424,0.0010391803385335992,-0.06934895366415303,0.039187715528768555,0.0225177113517712,-0.03155151003917948,-0.01929340728767819,0.033920528033347205,0.05408741059871291,-0.0480140171980867,-0.01752090516404403,0.12237685232195901,-0.04982810889955263,-0.058368734274849246,0.11779699218532111,0.000992612017559004,0.0863758281481685,0.03507243747592828,0.013322901832252041,-0.14214967402848888,-0.027831845840127725,-0.04883765751205775,-0.08338876885077892,-0.0029365203488355605,0.031578118896152106,-0.0816281208362843,0.04685334422833959,0.08717854377427406,0.05474533875079059,0.18220632364851058,0.02071570739344326,0.06360090168196966,-0.04997867172384201,-0.0065103360704128815,0.11204452089050311,-0.0038909921223232026,-0.023385838192685107,0.0271580032689819,-0.1410838473608332,-0.02747695406439385,-0.02829548382077478,0.024598878124126852,-0.06790616057817929,-0.0364929755156926,0.042562027017802505,-0.03715786470105168,-0.14080481587504165,-0.013969713329389408,0.006552119603347442,-0.025729748786906457,-0.05401933272293315,0.017425391523831154,0.02705607795878222,-0.17060734863362023,0.009849660611346485,-0.019935733120500215,0.05123848931304961,-0.06898020312493189
-0.09733738101857058,0.1025894973221606,0.0021293493289676695,0.8321222294191437,0.02829433476924522,0.012977082563710912,0.03705280907206217,0.17427091188688001,0.06808100470144818,-0.03289402073668292,0.0006601909304083263,0.015066262350781562,0.060046534530124956,0.12966675747198367,-0.00607401308423931,0.01606394592831475,0.06217092469293388,-0.21070451421461484,-0.2117127014321527,-0.0610500942011322,-0.18948869612963615,0.05716977903989999,-0.056325999980790985,0.10874151165969928,0.00884012659600418,0.0889330640443053,-0.15658470196961496,0.06738610248155201,0.03264467497930634,0.03129750826345548,-0.011450822822385995,0.163673055650619,0.12032369443288003,-0.13233979234124046,-0.19032120577309838,0.004604254206779831,0.06523374880455912,-0.015659491462859828,-0.07278065855679398,-0.10599179230356337,-0.1876380448959704,-0.13418220251427462,-0.017557330821612337,0.18798187533753632,0.0034607236863521363,-0.14751420719290645,0.00936764068682124,0.06669617189000161,0.01804830822822504,0.01159230252060476,-0.07431855111520921,0.006225771944122105,-0.03985181530633878,0.24847256825923075,0.10053656124517704,-0.04098430138960453,-0.08199075597200658,-0.1477584987708094,0.13045602604600345,0.06283203396861489
0.05721665025683887,0.05837858919171583,0.11754470322843646,0.01854284692675166,0.7369709492492533,-0.022126203807753975,0.10808534903824078,0.11340325528048088,0.044060607070341165,0.056124257110135446,0.2381247427387877,-0.15694800735894165,0.03880527942203685,0.0021802531145213083,-0.15218850570579698,0.09901769847178248,0.044329060011121635,-0.02004133751257337,-0.0006468103060322474,0.16367267667511615,-0.17383889882682546,0.05295492597983783,-0.03729604380005592,0.07875030681081224,-0.0314804493482027,-0.11576369227445843,-0.07880870300006484,-0.020573713158583803,-0.06860378323940225,-0.008399664978080035,-0.04988920443619683,0.02333385354327827,0.08220321038397652,-0.045275572133000874,-0.044140048483244286,-0.09379489876854297,-0.004325788258078341,0.10808653178738946,0.04771639295531806,-0.050788832692716106,-0.01407979719389103,-0.02513889074664468,0.09402150231066721,0.22850491935791872,0.029969904117821883,-0.011820432520344162,0.14437236936926323,-0.10620249428760234,0.04027499327404312,-0.010355477405887699,0.01702648367924912,0.09364210736201815,0.10403431208758428,0.06908750606071488,0.1120714005451296,0.024593109740306162,-0.01754653920711179,-0.10050866626232201,-0.0928152365471077,0.06033643089877816
0.011912895888094063,0.09839858808762728,-0.001652175889242029,-0.03547956653090613,0.09322119908612073,0.811507274319574,0.027641143578912144,-0.029175291313438892,-0.019062517394590757,0.06146935212834291,-0.12004679224467904,0.024738927485797004,-0.19566594003970078,-0.026987504959951857,-0.012212794728044922,-0.01605860902004254,-0.04676167476527138,-0.14568819615643344,0.008700460949210242,-0.04334124963149093,0.11358755101386742,0.04309229038331521,-0.02263518448029053,-0.0716195036715663,-0.0047477341223111065,0.02273028505496066,0.10252453623624591,0.09930411447511919,-0.015178961294762289,0.04057864701788455,0.0404767731011268,-0.05646309028782852,-0.01809193349413111,0.06547943550952212,0.07142092219131271,0.005257314354492911,-0.1501852295993736,-0.0015770282712473241,0.09925768393080348,0.06427994780431542,-0.06999387904620204,-0.03740847041989966,-0.07637038177104,-0.05516033365395205,-0.015319372582431906,0.10678915488819264,0.012338076765178375,-0.05716327711844619,0.09333776083375557,-0.03707966159577386,0.10188542569951504,0.04636401205001256,0.03224652492037898,0.03732758267063152,0.04786219827033671,-0.0027820897873673143,-0.162434296107577,0.010404336497617784,-0.014602531151509474,-0.05143044013822495
-0.06869929196847491,-0.0713299889669746,8.758771933209397e-06,-0.009470851763742405,0.001411249324726492,-0.062124718805236845,0.6917326806631287,-0.13161315278608096,-0.08462024269532606,-0.13651350089508735,-0.19681121257653705,0.014585007412944828,0.08466883105012453,-0.08283313451428978,-0.002641868455606655,0.004610803415860065,-0.18531205091126055,-0.09239650543948678,0.011807248333619597,-0.07784031344020437,0.06562799576665965,-0.0008622829072802984,-0.012058086537341556,-0.1340225395978166,0.01904388672209667,-0.007862956049943387,0.03617158767346079,0.11491231851221723,0.0370680672395555,-0.07774660491874433,-0.029263234982516477,-0.04656419881286383,0.008038226070462673,-0.027733157250145146,0.04236259752941299,-0.01657909491051457,-0.102600215333587,0.08724639656238956,0.03203010943345061,-0.001942406446935191,0.1759186059929137,-0.006803080031871189,0.02950311288659535,-0.026065267802366496,0.08803324988187698,-5.146083447443717e-05,-0.04865861554553175,0.0885821817516342,-0.020678626067641925,-0.047053221953293964,-0.01746421791887942,0.06835035978317251,-0.07223327818768235,-0.03548761463999868,0.022748817891200673,0.11637938349481047,0.11517239301461246,0.049506469960311994,-0.13882538653870038,-0.012420974836170967
0.04254862554353944,-0.012211016656864138,-0.0704849520348006,-0.04751142966698546,-0.17066595326490902,-0.0741470867977165,0.059907360639607804,0.7830346920516713,-0.017827700778852068,-0.0020490199825478617,0.08479860179731047,0.0543867504021906,-0.027363016296733378,0.054918903919041,-0.09033865008996711,0.07251093544300163,0.03482619772919191,-0.03671980638561295,0.01708394757889964,0.07673238949682559,0.040465351934573124,0.062052713010060837,0.0766962586327172,-0.0014835788758011115,0.09127962453534061,0.03182111517783126,0.08956691028261599,-0.0249929244043261,0.14581466720522715,0.05999957460688656,0.08226132765106156,0.09523978601489134,0.011557600503287024,0.05996626973155782,0.049031589699668976,-0.04517810441387818,-0.05647079987815054,-0.10903456820316293,-0.012202885697167928,-0.022643090677988656,-0.12218236194389087,-0.043780045099806375,-0.14301706620318053,-0.08488020856897888,0.15544552761256125,0.053371601550169234,-0.021284499028554255,-0.08991926195832273,-0.08939595932217544,-0.10627284039219058,0.04995337060756416,-0.07685825403482305,-0.02826108645836639,-0.007517446599482253,-0.06750954250516468,0.04467032676826411,0.025069318611078563,-0.05725497441411166,0.08566370577665403,-0.02681998217562509
-0.006903842606359987,-0.1223146810140812,-0.12273379673953234,-0.08298207099517631,-0.021799090839372568,0.14190693326583112,0.03311136775198381,0.008155058389729119,0.7650507132885958,-0.008588615331298876,0.09366669236540986,-0.05014544663461003,0.08373959374780371,0.025247654830854595,-0.08973960649077031,0.01789063700214987,0.019639607682284597,0.0614974124217467,0.1707047071525347,0.047250312793959595,-0.05352074003120705,-0.1010198262766903,-0.03629660337426483,0.11160925548894074,0.025499252633857553,-0.10923040574062877,0.18429742861389156,-0.010238176263323054,-0.11618639055412133,0.16182892399140342,-0.08605810788534544,0.0031688801369287706,0.1337165815654405,0.1628274452415462,0.019531868297670292,-0.0024601482071419964,-0.055332977082241996,0.1666344483447803,-0.014584248180366058,0.01993440502100129,-0.18096487976361303,-0.08247627998896535,-0.04523441115591355,-0.060110083119897795,0.09487493139014402,-0.029624265562312336,0.04466351603603168,-0.17773115373454326,0.059900141162282115,-0.06678786944325872,-0.008386197381502647,0.04173783795705602,0.08176148026264829,0.019126427944774854,-0.0488956547016918,0.019247585895849736,-0.045716978001122385,0.05155224019114085,-0.03800047117401384,-0.01588820776114
-0.06512791781283139,-0.04114047987403241,0.0008884041958649458,0.058941771017038874,0.022271644847922822,-0.10274420115751735,0.007342689630297985,-0.046019347421048164,-0.07913126402192357,0.803500424891719,-0.08400004153517439,0.03610350146673391,0.04318685422869114,-0.021437485200296428,-0.03207001752190949,0.26015377673749773,0.026968737498248227,-0.019228251757399412,-0.02047576746872514,0.05395515236303364,-0.07475559288759664,-0.12091719024152958,0.003191864199361005,0.0012993765545757225,-0.017256656430611646,0.028885910322471186,-0.060377583136492156,0.022471297583921825,0.012072889547619287,-0.049982323213942914,0.19340874694523966,0.18082708919176388,-0.03793615918152264,0.01438898797758656,-0.06530485962823855,0.023600607260578995,0.039497363232727026,-0.009993111810816285,-0.08301992901115418,-0.028970229170140138,-0.019878088843919672,0.007796822209248711,0.12830838647250994,0.07199860830358117,-0.08165224856076755,0.020467005984701376,-0.1192338971853116,-0.07914311050482248,0.037168896048257016,0.09562604895843535,-0.11169601160114546,0.10275075139147381,-0.11359737625623147,-0.03446526324239619,0.142172887529745,-0.09135910171261602,0.06442103697867325,-0.1425472066547564,-0.030033897930070108,0.0892149672175318
0.06366108434625568,-0.006480071616027257,-0.09700822504312852,0.039502569070527634,0.037803019061522954,0.0998768038312986,-0.012513783804312879,0.046657682522130206,0.08235427727997453,0.07031588927547541,0.8426716561462786,0.0002416419462816145,-0.03554389707535727,-0.0650156136035319,0.05056805356392137,0.014893866045208126,-0.03953371612228263,-0.017953752028845395,-0.01891736677136145,0.042139584741534904,0.06942890012496268,0.10460114577692389,0.03566344851062087,-0.07524126147800902,0.11075205311340801,0.028023505709616967,0.02067217565226327,-0.02189648520309075,-0.06603925015359313,-0.14363661151794727,0.03221967813295041,-0.12335273173756449,0.022952296643719568,0.0029253390857290253,-0.06562383913376602,-0.001623086677453135,0.1944426491089343,0.1353161364148822,-0.07818560160102414,-0.021698153251493914,-0.015612037791710734,0.07920176752422949,0.0991570670456039,0.027633270490329404,-0.012103117219935773,0.06580863550388644,-0.1451544655765756,-0.01907528576997809,0.04837311115376323,-0.01686327531557147,0.04671476651934651,0.010668805901970913,-0.03523968993811106,0.035131418349484474,-0.00200826280146055,0.060210284307537255,-0.023448228362264796,0.024726543960571466,-0.13792035089989635,0.0885409477575228
0.07629724060597688,-0.027078168022286093,0.052950620042832255,0.17892238031477262,0.0226321378844968,0.13432721955232244,0.025792847517945937,-0.003365747137532615,0.030121642301401394,-0.06201513498446471,0.02324104312835833,0.8127163201930817,-0.046489344259159376,-0.04700430375381738,-0.04097226359276892,0.033489734714211176,0.035138065755965446,-0.12391474364002461,0.07912710682199381,0.07138452600783701,0.008843208714611727,-0.053376232731286,0.08642151431081868,0.09344140125790543,0.0018185370997559304,0.11520072887214007,-0.057372896272389444,-0.14168538848230208,0.07259231188231663,0.09919599477195905,-0.029779148186996653,-0.0451994091076961,0.03133653739251722,0.014804871289339513,0.07563934814623625,0.034431204833533645,0.059316908175972724,0.03162242444884006,-0.0833261359230758,0.06849211141334663,0.05962253937459547,-0.08698962864742303,-0.18026545636536068,0.13603697549255422,0.021255204522557473,0.10035058601211241,0.03251891491681383,-0.00044669532719264856,0.05919763532799408,0.0910241344022224,-0.05882056397844068,-0.06413545155977356,-0.05536865444483663,-0.05084503433625997,-0.08324864859066877,-0.17374735649393694,-0.08255055803794001,-0.21498875775510345,-0.013608117889021222,0.024843007797801325
-0.013037015454303082,0.05334855550271571,0.08526776387959606,0.008276084354908526,0.046885506380477136,-0.05253242977018755,-0.010146695638979795,0.18245853851560312,0.03645100273892567,-0.029579089479153158,-0.042626073630336624,0.0009269169561855885,0.8120170594152184,-0.11880641536278393,-0.011871466137412785,0.05721381758112914,-0.07921111166645776,7.175684074153682e-05,0.14334350198963275,0.036118263027589394,0.08471252381906244,-0.01901282307496974,0.07230766046232132,-0.0823543463438823,-0.07202029028566054,-0.04845460769153355,-0.06431056768636922,-0.06587749598791302,0.06539880409680618,0.06890093183173719,-0.03315254547770318,-0.002818271141105181,-0.028124338103886853,0.03533849873649695,-0.06690806147398182,-0.01755643358787999,-0.13069438062482092,-0.022000279809409263,-0.04869727800092412,0.012248140574547255,0.10073594154781379,-0.1009989529601654,0.047153333901572725,-0.018154490272332183,0.030677231441575137,-0.004940535516674383,-0.07800407904921965,0.07101131088129162,0.15176766219707696,0.0025690358801691107,-0.05971250773852142,-0.029615113007466665,0.09532546255474621,0.09396828094812776,0.025107490697553827,0.0019762599604103807,0.016379814393965592,-0.09158895892351505,-0.0022239301750034274,-0.024827264119422154
-0.08661877849093821,-0.15070903674000655,-0.0343972649496435,0.004408553065664114,-0.053901358372060545,0.11512954931113713,-0.023142637364515915,0.0012810412112098076,-0.10373991807490232,0.1322950457616099,0.05314469964106767,0.03558138922623087,-0.012862398937424625,0.7635138944542327,-0.07429590174415568,-0.10975509639166961,-0.0472141209260423,0.0197950609641555,0.07679707285095612,0.0377496005127381,0.09998333563589262,-0.026402713220252606,0.031912346923889195,0.0586855310987302,-0.02250716961663919,0.04741973922473536,-0.03992477306648282,-0.008673418172641984,0.022642823106181043,-0.00992817847821871,0.1239224251697385,-0.06070858903979159,-0.08860304468480328,-0.01737569852119587,-0.11681986948658188,0.07469340466079827,0.008404332108579193,0.10127852425512096,0.03963127479993157,0.06336341507650484,0.02882467676580708,-0.1514874683097478,-0.1441399663551249,0.005822325962154012,-0.04015008682517355,0.06866187539525713,-0.01762389162080386,-0.11259707843846209,0.004909837914252465,0.07332055479101257,-0.030302286549079023,0.02247979679715059,0.1058452113712154,-0.05976251764371665,0.08497859483437518,-0.07170034558616381,0.03681240135199663,0.059270041475610186,-0.08131065232812845,0.023767025150051718
0.13203801990962155,0.12020141097463716,-0.0962493753526924,0.05060646644331046,0.0788912715937154,0.150554953401593,0.060441586110053035,0.02839005659543531,0.04769922436003851,0.12432657535119526,-0.006643410273654615,0.057492910046723106,-0.020731336514818344,0.06573199419197528,0.8418774195475187,-0.039800920030119535,0.2141116572238644,0.11872004021348295,-0.035169861292209864,-0.001213407581975301,0.16461900043711136,-0.1060432255927378,0.06500401755763632,-0.16616198673715296,-0.1756276869062421,-0.011776751867359478,-0.0031323771568974035,-0.04806154891808556,-0.11789138197483795,0.07507795570742859,0.01180758474058416,0.09034862006362941,0.005104861455585974,-0.03778584821017572,0.06030869406710193,-0.09043825156008446,0.027453141471184273,-0.08342804839367618,0.17582901340248708,-0.11015408504902834,-0.15108382304460308,0.1266576621764207,0.06213810349953947,-0.09557221554491238,-0.11049721819540728,0.05472889276733711,-0.010546477971732277,0.02403765102331734,0.1477016232551186,0.11605202452965219,0.06941760539381794,0.01216066350399203,-0.032589449283372506,0.008922453254604577,-0.0633003599633955,0.022175754398696845,-0.000523400512183067,0.12961590017865904,0.025755871492198268,-0.07972446178034098
0.017099047149301855,-0.03835265339980841,0.059599373875080824,0.07254792684297016,0.04447796572081908,0.15024801623317707,-0.10874133348173173,0.09734133104891546,0.08339418020405254,-0.004770608235475461,-0.016012265147110773,-0.0706045548719943,0.10436359833893272,0.03529889830791849,0.19835997585566334,0.6976079373497625,0.07156687449064349,0.14465732948300142,-0.1112008650847951,-0.05968729217686847,-0.09525633028161451,0.009884206902837145,-0.09279450775418435,0.05640836552462372,-0.050076218527557725,-0.09018391375541795,-0.13097182504470786,0.06605053578081954,-0.1339889134157428,-0.0357288252499971,0.11680869101444025,-0.0465174655650234,0.024638499134549158,-0.14998402222525142,-0.0333101260658244,0.03965309536478007,0.04340306896940066,0.028952907078474865,-0.056902204988073565,-0.03463087580611546,0.1181355021870422,0.12160624780098361,0.13640939325986717,-0.07777476430151276,-0.18027763097501437,-0.1194000782559903,-0.06701808962973628,0.023085668944395298,0.045929185180712984,-0.051540168594369135,-0.00944970960369873,-0.04683833760039827,-0.015518522686360281,0.05919770769168881,0.01318369716128401,0.0908656632246268,0.038183831742187965,0.19113993597621626,-0.040422429318944075,0.05853397614613709
0.02272813367290587,0.054473111413745716,0.017743919958761553,0.0017139239446869728,-0.03894170308193372,-0.06086842305805439,0.001434769853482114,0.040983950629689334,0.009698067134778408,-0.12050054077606692,0.11057919033467398,-0.12039466162763413,0.10675702879127873,0.0146737569017423,-0.07173639944387927,0.10541971939151806,0.8772655935326561,-0.06945275942676361,0.09332434232473322,0.012586641588611171,-0.04316081309017363,-0.11017014532379571,-0.08506205887011849,0.09009713392702019,-0.002059281848034531,-0.03690168950720382,-0.028421546838929144,-0.1579575119713494,0.07401126970733447,0.098092123434558,0.010351998640891357,0.04365349514030719,-0.011597233834073632,-0.08064878069116982,-0.06483609461294695,0.015764371821638586,-0.1357787256092889,-0.0016001523655135603,-0.07323945736953165,-0.03510593485083574,-0.06434563619514237,0.09092088119286022,0.15972034536352978,0.18771566075714213,0.015304587689997215,-0.120401336679537,0.024554399919697847,0.007691123293749521,0.08949562742752468,0.08850730790837026,-0.06050423280560667,0.01744184198632953,-0.03506022586918358,0.05801745696470135,0.04724500041894945,-0.059645658652140505,0.08050179051129529,-0.06795079111198396,-0.04447696884951491,0.08199761549627835
-0.0012822702024769654,-0.0987599949165821,0.019792719384574966,0.13392151253571327,0.05552261491739612,0.15120849895581412,-0.044438533999207976,-0.01295796525157917,-0.1009996635449081,-0.1052870520351363,0.026349714123293864,-0.041074695023258306,0.07180040682223725,-0.06994845415294469,-0.08023449019369103,-0.010591348068605844,-0.0016210761592888397,0.8165608852623764,-0.06271230478435265,0.08360538922991231,-0.016635817288564985,-0.15307144564383277,-0.08211262687241726,-0.01363684684231942,-0.00805917454749632,0.016188458953214212,0.03470379071955195,-0.05888131526995826,-0.06100849016421882,0.14276385487070656,-0.01886680009653347,0.00813288405914984,0.12888761071256366,-0.07958520934625112,-0.04402364969988155,0.019757729408575078,0.008392533932321119,0.01426103795702498,-0.052493878407434184,0.06011988506865233,-0.0033628932356126293,-0.01391721564253618,-0.004296937703154858,0.10203434490168146,0.06431892915414732,-0.11695125117585929,0.11709591042413395,-0.055096838464029574,-0.07419582004431632,-0.028185849518936126,-0.025697549387392334,-0.14447786977222757,-0.08330659817117175,0.09363929196489519,0.05541651705721293,-0.07148600258577298,-0.033960407871603766,-0.09756631947383299,-0.01866680755973782,0.05215040861862783
0.1820796137539062,0.04342232480205306,0.02970674485330246,0.14471311163761622,0.002778626379570491,0.08860380424873582,0.028038797318617515,0.08805030582122748,-0.0727070267287038,-0.012846645016348232,-0.12315686823069212,0.0465574261534385,-0.08985355760185365,-0.06145369564432212,-0.02400342859347135,-0.01182951966108575,-0.014897305087164235,0.13402495268954165,0.8291535842852276,0.07869128186854238,-0.02644782229023915,-0.0013247916081097757,0.04082498354445503,0.015254358154795642,-0.08044028972106465,0.05580875539434837,0.03091072398975303,-0.050215181468105156,-0.08214925606973968,-0.07875604058300145,0.08035146298849132,-0.06525168566323492,0.007870659347033912,-0.04191811301273639,0.08832130857704329,0.020719460680056534,-0.028438125150536637,-0.0656960649936373,0.20722906154880963,-0.06951981958248112,-0.06782038216492572,0.13842392297224954,-0.03872954594397298,-0.08251310514498476,-0.09238355740433137,0.05409468380025919,0.03782757153164464,0.11939785111293787,-0.012043566863207353,0.08071756421695336,-0.024842023298596007,0.002085660380112563,0.043786657598733465,-0.08725397638117122,-0.10140720759172453,-0.0042889116074607495,-0.003994902485588511,-0.0027030941042039945,-0.0791029331049734,-0.02282115754553579
-0.20818284763980485,-0.12351959700943842,-0.04852010953239164,-0.02148224025238845,0.02314025824379746,-0.07947744977204069,-0.039401174584094145,0.11669974102777315,-0.03594693545687731,-0.03582761522964026,-0.024809428412414125,-0.0617869689147661,-0.0784155816375561,0.060821378882542076,0.04068043245579963,0.07640789606128265,-0.09899992842568836,-0.01972014518095946,-0.17291181844968945,0.8204301885717424,-0.031025055224927527,0.01587305338988958,0.06900968102599812,0.009404343104804766,0.025156530414046044,-0.042853523064470406,-0.0009931365534380796,0.059283942865986906,0.014194048229980175,-0.06242833504393461,0.1413696915528681,0.06531318392097926,0.019518258331245115,-0.002713766009717074,-0.02812942097234944,-0.12029050580223548,-0.05753408697288424,0.13699458256585442,-0.12080147929958354,0.06935700991412644,0.03400120652146312,0.07735715372543445,0.1864699546538182,0.016461181753650255,0.007063139707826979,0.0067887777805033505,-0.1058929412548111,-0.08090989821599483,-0.08469593602349208,-0.05427116808188149,0.05661363602810459,0.0612679675873458,0.03168835024688686,0.018926642429460187,0.060235551987941005,0.06808322127798769,-0.12867578541028435,-0.00017228539957137625,-0.15670479260492368,0.08564109228188754
0.06525971473957598,0.09566358166848504,0.03652405903133922,0.07502293849724638,-0.0036068499973313916,-0.02013087695160821,0.14702427193032372,-0.0211224617762694,0.03706980459652794,0.10505263507493197,-0.09776705538890954,-0.1343731338073059,-0.06318719278544764,-0.07910581140033651,0.057510742345315224,-0.02016962404221388,-0.047413601135602966,0.01672093540409429,0.10346516728757817,0.10949999419380563,0.8781821619912504,-0.02280071303990762,-0.0004242696102234053,0.021916134767836007,-0.026354277423648386,-0.0157490551608745,-0.02707373000242452,-0.09124860305256886,-0.03772217301840277,-0.19791014397905154,0.09438411199628016,0.09117443623019628,0.08500250015981717,-0.08209232905709611,0.08781401009083867,0.04713140186914236,0.10852229902330951,0.08783664810749713,0.03375593118772959,0.056020947527557895,-0.09723192146874544,-0.04551657712250656,-0.18978749468837613,-0.00915096632095979,-0.08278729783322188,0.13861977012013055,-0.0794468362376023,-0.050673563405614096,-0.05917407300972004,0.023048963090466484,0.02446939265310353,0.07117450345551081,-0.1296810538365007,-0.007691395373344411,0.0016543660091448286,-0.015370945224190783,-0.06494205251099365,-0.042267657335704666,-0.00835551039165594,0.08076136679645496
-0.029166835265723525,-0.007950663574421991,-0.042958065465261326,-0.10233635073950076,-0.09001889755444688,0.09522268776401396,0.025493252553362197,-0.0164709178082488,0.050546191617812423,0.024930092674343325,-0.10365131398329099,0.09114321080816794,-0.015218899703637089,0.027985106145145898,-0.0156937805286876,0.047105068623230426,-0.06051903852699549,-0.01564499439802507,0.04543412752578672,0.08853229155899572,0.0437016458947039,0.8034490302096894,0.06216638225029674,0.03680828293641358,0.04231327561065712,-0.05977762518268106,-0.029174777478970015,-0.029298773018796,-0.07757299320716456,0.12963610096510475,-0.038644864067697585,0.012889195827002537,0.06690413215431207,0.049162708260146896,-0.07910480930556725,-0.014368771448125012,0.0198466972652482,0.0700234918951814,-0.013880589716576512,-0.017447496096930852,-0.07490112597594044,0.024418738476904917,-0.03729877796077085,0.02479675364006704,0.1378585512459192,-0.06229416946502215,0.007359982882731939,-0.08368982641737938,-0.016226091481510045,0.015014335665269614,-0.08556336493147583,-0.011349511304011527,-0.03335602408514997,0.008944835583178382,0.068388490526139,-0.036351546982160955,0.07895194454509596,0.0028589363527658546,-0.08557860347693168,0.05719893146860318
0.06444432231768898,-0.10627101898471236,-0.0012570258222099895,0.048039983002498565,0.06724772651203759,-0.09352786469325683,-0.0071055158240058425,-0.17628561643819762,-0.06548885396719654,-0.05979073869597268,0.026312789011580868,0.05439971945128019,-0.03657450664177664,-0.050859179007089916,-0.10170918135688628,0.12737743735661597,0.0011331448513661954,-0.05263730427013524,0.13364677597766583,-0.1477148531237251,0.043007236044621644,-0.14741414930848973,0.8149931882080282,-0.05630705850492866,-0.14006343088129147,0.03768438605210417,-0.04579886649746795,-0.09015403638382513,-0.040204902922846286,0.006963773812090096,0.051902994613061054,0.040315072837475596,0.0802403805832021,-0.04121478019235106,0.014058120832862564,0.01778918307995697,-0.03297135476542061,-0.015400412107103412,-0.09961593902926869,0.10857455815903154,-0.10034007933549494,-0.027860116270155666,-0.15324009301268343,-0.024286814634053577,-0.024226526215745586,-0.005294222647610924,0.032477447091091405,-0.008324709147567916,0.062090844011773304,-0.053420524678633646,0.04405953281626196,-0.06629946017648462,-0.13475926147101175,0.018326906604707316,-0.09618954253906051,0.00518873150190359,-0.03029548154498346,0.0010044567511847124,0.10345326195329198,-0.09617945332631272
-0.11473787557157372,-0.06551056647646403,0.05384934215030576,-0.07486790769152962,-0.027802414177237528,0.011310936752318479,-0.001789090431481677,0.04691735226781324,-0.007412866980826632,0.019428762772037672,0.11405158960075679,-0.05011598829696984,-0.06299528352368555,-0.008848613838266989,0.0042019091514958196,0.015211413462502654,-0.0038720945321291667,-0.045585620346324796,-0.03438246569450665,-0.02138293242142858,0.07992919690612338,0.01932299285784611,0.10342244135645101,0.8470209375016986,-0.1582916503184008,0.09277886791352563,0.18122174459965013,-0.052953303723674905,0.022308102898315973,-0.04248286110247845,-0.03790746547045841,-0.013555685553852226,-0.02872565831810675,-0.0503320026472964,0.03452994110760643,-0.08008192121084295,-0.01953504659540614,-0.03215799452889068,0.027486520584216995,0.14631358653970922,-0.042249638211809284,-0.059948885513411376,0.06315152178223893,0.04717091837979899,0.10826733278030229,0.14758872227018424,0.10153852476032332,0.028131257839821955,-0.16031499194770438,-0.19979872850181338,0.11869126788775025,0.0850248120657908,-0.09844463446887708,0.03140191237395007,-0.14904655243946552,0.08762955230775088,-0.09235499837786698,0.024434483843793237,0.05313270429338186,0.016718503001696416
-0.07132544541170747,-0.004919012739289829,0.1333726902094303,-0.03312811157219202,0.06278042842416363,0.02476411808797205,-0.028095432451842137,-0.0397792997789441,0.10856901925241508,0.004437117790121986,-0.006689808340359587,-0.14642135874657633,0.09267156711220025,0.02782364629144931,-0.021884638352895724,-0.021293671961885738,0.12210271375172567,-0.000755478484194774,0.01068305944050652,0.0484418688446285,-0.0849497381694626,0.029474409394819334,0.04768370028534475,0.04063958366906738,0.8449946591761075,-0.06275548448559251,-0.05720691160608974,0.04898998831309621,0.038296320471844725,0.08114072195234714,0.029060546192683858,0.12354824328964868,0.01716909069247933,-0.14302278904145205,-0.14589706224780516,-0.04235265403433617,0.06274906406115573,-0.027938305830211348,0.04526103786900063,0.019738599228703184,0.061707516376688754,0.02697698275499309,0.12982213383764316,0.05034169773835752,-0.09472817273422102,-0.08763144129932814,0.08779362000142464,-0.013018094859900813,0.15363610662470806,0.05076177864839674,-0.1396254604485034,-0.036984088416404236,0.03842863298065506,0.2592415189350608,0.06763826269936868,0.040047856997064084,-0.05191756590255466,0.17964593178858354,0.18988533799600682,-0.021899466072936268
-0.01011636800177861,-0.030113955036448196,0.0526239330469231,-0.0706828660541026,0.014157669421906566,-0.043344027111059884,0.02443357693556877,-0.12175784757929242,-0.015834939438196513,-0.036859059111098845,0.011059830190735767,0.16204174823964645,0.07418724811963355,0.08050626839174609,-0.20383582134755313,0.0481997309718337,-0.010561575866331987,-0.04383573124664009,-0.157006201721411,0.12723579158764248,-0.066910207361503,-0.020203735095018167,0.059937160093287305,-0.09766619291552557,-0.12507095259901105,0.8743084230196901,-0.10263390691492208,-0.20477839920651558,0.2412066405139337,-0.06985921885363125,0.01674034406257588,-0.19539976971074255,0.00011883063086982634,-0.06436118691017842,-0.03764356723923049,-0.03732444919204841,-0.022243573079458054,-0.0730437201426818,-0.11459518352790177,-0.061603672173938154,-0.03882354475022158,-0.05273605493878835,0.08976166887687016,0.1072939481801822,0.08882422205788579,-0.20497652174561629,0.09427887121455872,0.06419737310088645,-0.07924560658712605,0.024407610183066985,0.011305726900789806,-0.007795258606447811,-0.004377454267133288,0.024374999911769585,0.0034439064637812374,-0.01018265085849847,0.08219922000981743,-0.12162218169181573,0.012719629796565914,-0.10793270391129008
-0.07175409236637943,0.0010434225202331385,-0.07306252374342617,-0.06353881500414017,-0.06836100261775206,0.0049265764369127,-0.015109473665319126,-0.032527064937963174,-0.05467078768559338,-0.03053418517997049,0.07681295640735868,0.04018862175249472,0.07000875942287398,-0.012993917884841912,-0.06684545819834757,-0.06050493130817426,0.10420199312146859,0.007168287910397308,0.01009408984494419,0.0862656741598385,0.01554725373407388,0.003437677571993966,0.048459573504779745,-0.007804754037538839,-0.0032386470795596535,-0.07703342997320228,0.8356298110019772,-0.08138902146233613,-0.007221642994551136,0.06947505165896546,-0.04584009662357709,0.08785976402352051,-0.025556090860194496,0.12543723203684284,-0.03044243623059782,-0.016458830622219443,-0.012376842948892674,-0.04686644894581112,-0.05414344970454563,-0.06575405606668289,-0.056268551089806176,0.07223461132876079,0.06564756440960177,-0.01989422779049329,-0.10078408747606447,-0.06576201136313886,-0.050639581514254815,-0.047041601162498545,-0.03507860971040984,-0.0318703141878184,-0.041558832378682485,0.013233456933824815,0.042249305480311715,-0.004930265695432331,0.06303754922930879,-0.07202569541124876,-0.01598469779209616,0.004381249399160202,-0.0007427154631684234,-0.07587677968936536
-0.00880889966656861,-0.08493645409732069,-0.0174836045930734,0.011635192570614256,-0.014901277769908605,0.10569015268582801,-0.0845409412442356,-0.04627436089015614,0.014342914928633639,-0.03581489637307685,-0.07022344656981726,0.04367402279521583,0.08472612115537287,-0.042983340766175736,0.050631060279496654,0.09209558432547914,0.19971412429420718,0.07652308804914618,0.10067950819403071,0.04262535862780333,-0.037329723739464866,-0.03878356490792077,0.06303904433419054,-0.031337012295781536,0.08054826442203525,0.10899115179492734,0.015346492352993969,0.856551615497192,0.08553242649721676,-0.036435036285044436,-0.2001035559817718,0.008850960170188563,0.04068171213363968,0.003452547279250312,-0.03710907063905222,0.11089920826090047,0.0899038247089297,0.04846029668867251,-0.11062589452005733,-0.18760848957036794,0.12499519333459812,0.08192892490595866,0.1356413514141168,-0.02455875717046102,0.11678457507633759,-0.19091228920740738,0.027539539874694558,0.052208317479198255,0.055696199264335985,-0.0718941579993796,0.006516200689179657,-0.15188501649342348,-0.06489827453137996,0.15864234926207285,0.04913159261042789,-0.02136334780794475,0.08442539790436537,0.10535031100147949,0.06748566784771018,-0.0978135402914261
0.14449818635021927,-0.08965679154904552,-0.15540344522894536,-0.0006879289769862431,0.06887960633303267,0.062085459097645734,-0.14974599802662433,-0.04679330588743377,-0.06512635887231062,-0.018176917746676704,-0.11289825650918178,0.044482045427163296,0.022457967426745114,0.14715404573703342,0.17029616329672823,0.12011775614403454,-0.07345805218614983,0.02523424171785014,0.12405105922261628,-0.027597997746285036,-0.050784010880084954,0.0633222139706787,-0.000251286708028123,0.05283353324330791,0.02114508316232933,-0.047293342170964994,0.16038961773438967,-0.05795561306103253,0.7225378339982272,-0.05186937004506631,-0.12147661268495763,0.01795954534989606,-0.013144741276111269,0.056436319128874486,0.025772279892834277,-0.09108591560664336,0.036174898472975725,-0.015460135143581112,-0.07874026007617009,0.03702723659504902,0.028358392238215943,0.1340536668910414,0.046841208262920896,-0.036000426348673925,-0.029851323714079378,-0.10173565807708117,-0.1215934297066498,0.013063096032246363,-0.1681114880597558,-0.03125442019262692,-0.09497940094299746,-0.06097923097297928,-0.034258144943327844,0.02063395873402327,-0.07742838253878861,-0.011219561858362473,0.006398472348490184,0.0632022694376666,0.033489346252511244,-0.0035116176981772503
0.04784216958594799,-0.037451920939523056,0.0872939184679255,0.041659988936522556,0.08580359310629072,-0.047620666248690595,0.08195981994228159,-0.05042562433138034,0.08834406836987663,-0.02859771874863121,-0.14013420314293903,0.028294834513845592,-0.06558890424830136,0.0580571410864029,-0.0008584081976968376,0.044222392214324543,-0.03953185411256975,-0.09668449751051642,0.09895085685169237,-0.05719592330288449,0.061668219477393614,-0.06733182914947139,0.11252097280525311,-0.0685970667507079,-0.0733960070849144,0.0023924733765423147,0.025656130471160964,-0.07661939312107229,0.0630704107451483,0.7731104199892423,-0.01505172544661232,-0.2111393155126709,0.06045227829052214,0.03553610568897699,0.08252842836299014,-0.024349727226242738,0.1406774720685698,-0.04459189160605548,-0.10917507043864352,0.21468346754189976,0.174294099641886,-0.1153219853002158,-0.16948320393970842,-0.07619271831581957,0.08960864754575402,-0.08958219675823688,-0.051030526408143054,-0.012552220040845474,-0.3020351509292204,0.029842804910235554,-0.21969706473412198,0.04508965147494326,-0.03258241157893116,-0.04923734773029656,-0.0027952180652599337,-0.17395690899851832,0.07612927592226747,-0.10957408151656847,-0.022234818631125655,-0.05111240293165467
0.045432150946578154,-0.011111489550059347,-0.07386922537344212,-0.00631260116079084,0.056210705448347345,0.0764324240341192,0.005474658026414975,0.08281794063631841,-0.06374966959713282,0.1741202702318625,-0.09369008074622037,0.029738538431681713,0.01246984194962443,-0.07572066717097425,0.04600816258768223,0.022174142539438446,-0.021789159039825035,0.028823293941023554,-0.09932858612078305,0.06546563461709021,-0.1480700906294744,-0.10607147737517497,-0.024585843793271202,0.04867368333546826,0.02074351024989192,-0.06562055141897655,-0.07404747300989828,0.007773461410584964,0.00579344241954019,-0.05902468289419044,0.7524912626598421,-0.04610938054863314,0.0823304250814217,0.10878845086998637,0.01617658836869139,0.07090162765330467,0.16823041342487433,0.03419893968898608,0.016266018656023788,-0.04654997843129678,-0.09984478794348658,-0.0342544549840903,0.07864478493360379,0.06518410625271473,0.10612485453261833,0.013092013524323043,0.01361056893350493,-0.06381499908741659,0.1027431984211713,-0.040418669474608926,0.021090072107805377,-0.04174132757863666,0.02181835787302538,0.15621345655512375,0.011407783704024343,0.0868553168886077,-0.05202257240834618,0.14138450192869115,0.15213523123894526,-0.038330051911590626
0.1387633664557011,0.017874235720463982,-0.11261379701113512,0.009319232518573431,0.0004437704824221539,0.09749025674861891,0.10416633361325973,-0.021618988012751472,0.08449943299531237,0.16022284579055757,0.07847720195880808,0.15338154070071452,-0.07129434960588843,0.019606699909119563,-0.008491537779812541,-0.060876835650968394,-0.01756918053730129,-0.031465212238597204,-0.03841904856543027,0.041719239219533286,-0.010171658587194543,0.05415630586925374,0.009579306138090132,0.03296626382456147,-0.03932219859794514,-0.021598677652245102,0.07612912406617223,-0.10529992960754016,-0.12158755997634121,0.011208830317956109,-0.11358369055350814,0.8245787577862267,-0.020681640800463363,-0.015355479481004186,0.021045573720916783,0.019055042585005982,0.024997618158708976,-0.0033788333997822606,0.0038782121013961612,0.07189443183385447,-0.12116781147092046,0.04041448291691063,0.049533460092282766,0.040329560450806684,0.051312709284265554,0.08212373223801615,0.03915604905044129,-0.027403818808126243,0.0012360733929190904,0.04093088951219326,0.06979779059709701,0.0739534435832323,0.01228937563442023,-0.10351114520570272,0.004569927054407594,0.07776828338407205,-0.11540675082390231,0.11489897672915525,-0.16108758333575615,0.019679670434540303
-0.02384469070162681,0.12685576821146569,-0.019661614838746712,-0.03149545599259365,-0.1037022096504922,0.12593305556248083,-0.025893046870692004,0.03239814238672308,-0.016979135426396615,-0.036569498246363304,0.10894350563938769,-0.042672995257589295,-0.03875064357263825,-0.06826768040372086,-0.04223946425767367,-0.043287947263847784,-0.01172786714608933,0.0638366685254701,-0.0776437295276651,-0.05238572020963264,0.005291360597377057,-0.03452186411308033,0.03800596733743276,0.08011450465165579,-0.00483810830390431,0.06434383907061965,-0.035354316326299484,-0.06425681272645693,0.11283823502664514,0.07283641764397464,0.04809465586344018,0.023343283666557524,0.8461863215081777,0.04730227773282552,0.0473346663086759,0.04109437386108505,-0.020859154069638768,0.018801612337305863,-0.006295569755069707,-0.019446173797690383,-0.05496821599665603,-0.0038906086316051066,-0.07463956288267133,0.07175478639742303,-0.13321851273470764,0.2636873890172968,0.12059889564919554,0.010139224900865183,0.05152184450402106,0.11524715278801735,0.04713710242633853,0.0497848423163986,0.021779290269308565,-0.09318552448691471,0.05659731061734497,-0.0766369469067359,-0.0900380348584395,-0.051212720639775576,0.02860430051440646,0.1156987023484802
0.09227190649493767,-0.1650688499850237,0.005246586248992765,0.0350891923259934,0.07335983824342981,0.0755340758932998,-0.04427344424941849,-0.011854451508357575,-0.0791210552407453,-0.005507840633784133,0.07353472856111601,-0.06606844916368158,-0.06585150707281166,-0.02891954545064134,0.05064494954358465,0.011929415982979986,0.010650817270127436,0.0017303361445986235,-0.14970414297702972,0.016518172401237458,0.1081588448309423,0.03677627713684314,-0.04192096618126391,-0.031863220685864,0.07611605050810927,-0.08165913605250201,0.05495452682440465,0.1442018003912853,-0.10467337353224782,-0.19705611425870329,-0.01577256924563423,-0.05939548324418084,-0.014319938650410957,0.7014283447387407,-0.0985985297214887,-0.0801818638007723,-0.01492003647235681,-0.02049341693439613,0.09449061528824101,0.06612247598289972,-0.0028344909823627942,0.037142195088422536,-0.02176795035489417,-0.06036592101679685,-0.07527743745468683,-0.043173170350868297,-0.059740027844377055,0.08395131558610458,0.0789588695138501,-0.02627263632470333,-0.10448051613370564,0.1252296636198874,0.0011481120563184126,-0.06852180089640483,-0.12056577707670169,0.10143552439491248,0.05329811473859462,0.06975012127756901,-0.030160859306395477,0.003745783343472378
-0.07432293061544087,-0.1105722484034368,-0.013012080813849277,0.11374028832494734,0.04973446596811155,-0.0830584625049984,-0.05467794886684857,0.05028518416122037,-0.09726757992993935,-0.03420651243370543,-0.016171583470496874,-0.027343223244835128,0.0759303233899706,0.0024876325330202517,-0.06729216104882936,0.06797750423212087,-0.08877615388762845,-0.03752530025823929,-0.12881231400456553,-0.021280714025797603,0.04788824128700435,-0.06068162172078335,-0.08433338319141963,-0.02041150073644427,-0.007940579960238316,-0.056333055491065806,-0.04998084747365321,0.056476904832720075,0.09791913074781211,-0.05924117517921828,-0.0525256477454297,-0.0184148928920941,0.005463114257168347,0.045650992348617095,0.849930445657387,0.12401399489289268,-0.08012348055795092,-0.07276068910867807,0.03562538553787834,0.03399757624702999,-0.020863289722480163,-0.07945098057641582,0.08342537782302638,0.020916734379557683,0.058089047628295344,-0.01413769579853198,-0.06292761579994864,-0.06705493367339764,0.11192791396609955,-0.033939316411463805,-0.01657982023058597,-0.024316755894109667,-0.01934989607150997,-0.0506129439660823,0.07632018520109103,-0.050278846315783686,0.12012824043011654,0.12998384107662472,-0.024502778220957686,0.0004835622342583279
0.16523772376080756,-0.06345195025497324,0.047363643482093015,-0.047903950784684235,0.08156191642682034,0.10120383639595351,0.034585545026736976,0.04256234462854929,0.10182757521258773,-0.07346892182479418,0.043117237914590975,-0.02073375010458531,-0.059871531418545385,0.04500077321235998,-0.052156001011028554,-0.00043091088041403774,-0.004343593983726978,-0.13798100635659652,0.05896105988609009,0.17739532452695136,0.07400075947774015,-0.1043966091035781,0.125939288590364,0.06385728953092294,0.07573126879999169,-0.028952689162680303,0.1963879575219472,0.038440142256307853,0.03756715269485575,0.28187166833442656,-0.018852390496497604,-0.013958813218985977,0.10668540614569183,0.1259964920579747,-0.08013422321251183,0.8212827925954702,0.053950012575453773,0.10641359128898802,-0.06832126514194313,0.06485018653713583,-0.02886746615284838,0.06477851019700949,0.015274973057540506,0.043124784873594835,-0.04424446971334829,0.11577756243884484,-0.04355604819944591,-0.117888936576727,0.0906274061653174,-0.05583343811171939,-0.13666149661179466,-0.031081855584941025,0.036289686236083626,0.008575392538195965,0.009846246144529763,-0.042568740911152494,0.005149486984307911,-0.18263932416640907,-0.13505704436863758,0.013802434826026916
0.006505075504926568,-0.009019799892435693,-0.008151681065594047,0.11030620563631569,0.03728679244937647,0.06005916156077455,-0.04439873853703141,0.09734866848275979,-0.057304158453542434,-0.006208462396013804,-0.17049810340179328,0.09991294338436471,-0.04882548363020075,-0.054877911654905534,-0.03742314313287206,0.010095431742046907,-0.09512569093634292,-0.0027516499729101627,0.07939389256284354,-0.034815349999012465,0.10642481045569763,-0.15097256374408372,-0.02350022435231377,-0.04500437334062589,-0.07189313337729772,0.008003397470339221,0.1314322546369883,-0.18096546158727206,-0.1429502322847998,0.061782812789544894,-0.23090171981488355,-0.0826362405430274,0.09750074849785838,0.0024909827490379602,0.021684434579336283,0.06307799340293543,0.7288938455833495,-0.03733019300036081,0.017397670969159264,-0.03932133410664632,0.02862799549327846,-0.13495576863522954,-0.06325711675752237,-0.164138762426025,0.016937310902004597,0.0005255024934124036,-0.010934777452968697,0.10543517665701484,0.20995635983356148,-0.04430969199967382,-0.0011857873109267958,-0.18133319599881917,-0.02615186551644559,-0.05298123177999739,-0.0443339430275848,-0.02222576293659183,-0.038364058602218545,0.04598619155135465,-0.10717510790663473,-0.12447914106205395
-0.005343907174053656,-0.044578632681019054,-0.09130066351100552,0.007222605383120236,-0.010796397054064358,-0.1556175208745274,-0.05458009853693773,-0.01807580495667463,-0.09769443904132726,-0.04484245819473558,-0.09765305722400945,0.06675296544768836,-0.023465024776597884,0.03748985400331457,-0.03160237022542913,0.058582393490265804,-0.005394309958968426,-0.1484431008355722,-0.05619013539085927,0.05486179269167814,0.018214575960155122,-0.09352155341532284,-0.13639379250636693,0.030659633528176185,-0.03143076530019444,0.005299404342312002,-0.035446522486104755,-0.100798494995756,0.2534745732414422,-0.14656039907595542,0.0038207273231408993,-0.08145268426916233,0.004431835876053839,0.0002512542119919339,0.07328461941213438,0.0024567282336197716,-0.047372792958235266,0.7959824253925142,-0.1668858460431027,0.04121054405497776,-0.043773945816664134,-0.10872312449454982,-0.11538439460116776,0.042124990719592276,0.10710170132001959,0.047874415591197456,-0.06185237381456913,0.14881633969661603,-0.06605176779335557,-0.014575627276634714,-0.1212890834873576,-0.07331278201583949,-0.04209136049593063,0.008204295382105401,0.20340470532981011,-0.11104774192077259,0.06880256901335653,-0.20892675336012467,-0.07980446409342891,-0.060577571455275536
0.22525053612555404,0.015739280010277745,-0.14603824699733675,0.11096773987878461,-0.08210502872062722,-0.06587214785489201,0.1126616550154465,-0.12699920095408376,-0.13650738346236277,-0.020381650264924722,0.13168136005191305,0.026709674967234864,0.011316443305260326,-0.06602190814935627,-0.026336476384618113,-0.08844433220527975,-0.004698508142044408,0.014177031622249425,0.14898884739042595,0.13267205499863324,0.133452379068713,0.10255883689815543,0.08939374281596779,0.062334690673944405,0.03395758795168581,0.012737825267321257,0.21922713466362986,-0.04287981707038713,-0.018683572659447117,0.0918935634940994,0.0761675244608566,0.04093276809700934,0.01363423036403294,0.24043732515035665,0.051798088394377606,-0.014199469677729587,-0.1970841730251229,-0.0539914795528941,0.8606802655295729,0.02675957268358315,-0.032005561325926996,-0.017354260785118647,-0.14658160505461426,-0.19427589634556075,0.01562577366369949,0.1565178385703812,-0.03162649365179032,-0.12561849352535104,-0.027873076601359348,0.008427020381530093,-0.05815022175208934,-0.043668575896458006,-0.01650573436691542,-0.04113000874392603,-0.09318081119458937,0.008340097563697718,-0.0735310876144677,-0.17434661354071762,-0.05735048085064365,0.07998190664950461
-0.12026136588690672,-0.09258555552784214,0.03744307566729221,-0.15088894666133773,0.015879675156486736,-0.16178507250477656,0.07686754461903472,-0.03845240480246803,-0.08590489842753346,0.11120083715395052,0.17742040270916173,-0.06639821290148434,0.09057365506163159,-0.02095380125032842,0.018990900136671707,0.09356577462885374,-0.032238222677609896,-0.02899430478261933,-0.01800119934379571,-0.02753317555477533,-0.1398729571312285,-0.007381410875942629,-0.13627464561596908,0.034794510420558866,-0.1393036259854693,-0.04295926628980018,-0.16055986364448244,-0.0420915837004258,-0.07593503388891915,-0.17177007613838985,-0.02222525670091044,0.08151635622609085,-0.01582337376115455,0.045431334923972555,0.05021727233141987,-0.14312597985607123,-0.0195881471323176,-0.02251427173871401,-0.1932144910774114,0.8828352650523696,0.00014438916368908483,0.040758427468726155,0.2756892138077014,0.18937417470289414,0.02435927215687696,0.014741629032108128,-0.009479189932767307,-0.036546602046843124,0.09062950095760369,-0.035571790153358845,0.17164299864220184,0.08302105729517385,-0.010911810473398231,-0.00775896347206767,0.1896410832879028,0.11227750215574633,-0.1411111503913413,-0.004237872787770325,0.031155204222163946,-0.021458257223058386
0.017185774489820376,0.12873015754906822,0.03936258550088872,0.08825659852814656,0.13061827427230574,-0.09163799547002299,0.16275396146294072,-0.046623177293417827,-0.03258739412557931,-0.0009787404915299102,0.07741762228926204,-0.022904644897164813,0.0011896262732077677,0.022480530194800362,0.08712861887081695,0.056232275984602474,-0.005845062683770634,0.017930526027937117,0.0796556134821924,0.010087013619884988,0.02703688737815533,0.06293483985809407,0.13359761459317326,0.061515191949656156,0.10791628483955477,0.11743408431617458,0.09155852053719492,0.01220030831425856,-0.0724697569847576,0.029136723585206747,0.0721101990784578,0.17842560756816644,-0.040957104349157746,0.09290913556246048,0.08163281843935755,0.03452541957220119,-0.0598743536046673,0.10065971766039584,0.048919745783224146,-0.06249695689211504,0.8689471347619908,0.08288551095130423,0.014662559402882027,-0.029030732759854325,-0.10189328557976268,0.12002609100267925,0.014412323148406509,0.10279197284276675,-0.005390845754124424,-0.04453277930015967,-0.07258859045684814,0.04892145108266946,-0.01590542307262772,0.05294057638871646,0.02513112538879343,0.021696985189775676,0.011731811112088356,-0.04940106322920223,-0.0856519015237592,0.017682807290358024
0.09675970495103348,0.0015324604216248431,0.05822488912700364,0.09443779355146005,0.06811594897053556,-0.0671615399238507,0.11794932774654979,0.05335627469470189,0.06260946983081783,0.11374456670583087,0.061249328789077226,-0.060847271963637636,-0.02662387817831526,-0.015164330637052139,0.1264160980865757,-0.09044616084358345,-0.11361646466532407,0.01931783311514071,0.024827844305144026,-0.05639746222481487,-0.07390905942083825,0.09625912556654498,-0.029935567311117656,0.05566106691702696,-0.0020004395269922065,0.04520518807993362,0.11591892934139124,0.017332918992570508,-0.15033936913473533,0.0420613052917343,0.15918691718637418,0.06943095701284172,-0.09375442892337867,0.07380367442653676,0.027562237833066435,0.04732011464630579,-0.001392421148306113,0.020370885500000654,-0.13543043739451416,0.11522687996168668,0.13667998685989194,0.8939212422790468,-0.11320888845932128,-0.014910461075545528,0.041098508006651734,0.099561706453814,-0.013307423459681327,-0.17393373047420296,-0.08394975051753797,0.007731767293954758,-0.06629891158967283,0.039626131825185776,0.027452095836259707,-0.1631538489290682,0.0645618238242906,-0.020069798904535942,-0.04937440786933453,0.0018970643007281192,-0.03145725217956774,0.11827314747332332
0.03510845456545837,-0.05243153266742233,-0.07837943644694599,0.056738987055094295,0.014269739185553609,0.21363809975416972,-0.03915838088884146,0.011054104415947738,-0.05909861687123501,0.01947539427238356,-0.1623226602979247,0.048175510248091975,0.057355639397795394,0.02698447015389048,-0.16535027978907874,-0.017564154921882697,-0.07732093908433095,-0.08573011018854601,-0.0951572904028109,-0.05617164300176503,0.08554490635703628,-0.009570307000774795,0.0890741002049673,0.08039097729440228,0.026047121348589837,0.1786998303364447,0.03614334149564183,-0.07523231786436321,0.07107399876150652,0.1168856254156655,-0.03367704357714127,-0.12941871284253642,0.1072690212762163,0.06347876730669745,0.013498819939132725,-0.06541938732135366,0.062485776591238294,-0.06347071186223258,0.04901708291625401,-0.08708582313488845,-0.05422517770318963,-0.01721287791716571,0.6881293291041138,-0.1068133292224234,0.0168040866803291,-0.020957809997106416,0.03637847002315427,0.07611121495847095,-0.11058519431692208,0.08134153260573228,0.01505523408973216,-0.1077351869334346,0.0004656638342206178,-0.07303421427167739,-0.11380488742355087,-0.23671056737540966,-0.039068439532344054,-0.1603157696701895,-0.019295850619542365,-0.10436522910732947
-0.00628006595437079,-0.008535724847795868,-0.15933659102934974,-0.05304039239285121,-0.0765964836079257,-0.0625827591561073,0.14563526880991523,0.0003802198606077336,0.043290592792988525,-0.039645526581746554,0.02354430618140652,-0.006160654556691589,-0.08417099193463524,-0.10352421522284208,-0.025019308922896544,-0.0011936974419254156,-0.003377144530952152,0.1310751475033081,-0.05458554115268868,0.019315055759750635,0.11944715730641216,-0.09749141439255139,0.006453319461393101,0.00963646992389766,0.05017833516559942,-0.08926606750418319,-0.014065550099274397,-0.0527667663532418,0.0014585269952713809,0.03607178006934486,0.07513566913028688,0.044657055740365756,0.030470662550719053,0.05547894392434019,0.0707667476739132,-0.0033847791137837347,-0.04300664007407107,-0.01643207245896139,-0.016228703941455737,-0.04551796982347154,-0.07332141110358728,0.11542253148716192,-0.04619236605007548,0.7790536886747687,-0.12138029241532639,-0.11160681307989945,-0.01223917353485392,-0.0034209336034790663,0.00931590945026322,-0.008966036226225533,-0.09664207612835275,0.07037565522835999,-0.040654573034321725,-0.1521022866600897,0.04253076457236448,-0.025844348280693836,-0.0350128926039813,-0.0467924113499428,-0.05914155475753052,0.07841035978803049
-0.021618104843875736,-0.039538177356123624,-0.00016427157746826216,0.049279239961480724,-0.10692691565968311,0.04711479158110879,-0.08871800889662868,-0.007787894005796193,0.0413977029261863,-0.05528128035265096,0.13631715847003703,-0.007340154797056637,-0.1300413233832859,-0.030547949926774617,-0.11736912955463354,0.057938518404312495,-0.1179524411765668,0.07483070383612744,-0.06196901437971408,0.022675263491594037,0.1282165259578379,-0.030211058081656826,-0.0019234842850835824,0.11182778895883656,0.017838588715600515,0.10718817686903476,0.03950469589131105,-0.0885217601281137,-0.01020640118004585,-0.1310989586648078,0.0022601227676607386,0.08198546329051115,-0.09112419777155069,-0.130371835332218,-0.01589318204225551,-0.12941010699101727,-0.08677535685647472,-0.08497526577565405,0.06918580994241925,-0.04296131341761508,-0.0008264945195898748,0.12384382407558112,-0.029421034958693748,-0.04345043450203761,0.806892315527507,0.12689021188232646,-0.15777839002178023,0.08785076260197026,0.028273886480067963,-0.10044249440990988,-0.020548775229934813,-0.0019911540845941227,0.0194714793346482,0.039091316879929935,-0.018181220460042488,0.08195601662320062,-0.019459541267019168,0.1770185169001643,-0.07861393502302068,-0.0807404768335386
-0.052290339879400564,-0.05133361757721095,0.016632425774391214,0.02994088793826326,0.1458414508054877,-0.10010475425788737,0.020907242517593693,-0.0643542550039174,0.16197005499563372,-0.06271503744442099,-0.023747338827904897,-0.02309474689234604,0.03862628269393115,-0.07735878588562453,0.044507501095941815,0.0027011852005434625,-0.050738273680368755,-0.08969438903544037,0.08194694010481492,-0.019253997521161227,-0.08774334117101816,0.08570925133833227,0.07437567385617992,-0.015455016262635044,0.10541778190801745,0.08163800542685694,-0.022674735470638557,-0.01622192653475109,0.06280939954042265,0.13624991563913869,-0.08191147586031042,0.10497634416585234,0.008105411886257907,0.10178150319924431,0.012737402571872189,0.030580401551023987,-0.07354820755545365,-0.02057612450865724,-0.08124369852865694,-0.018467413416536953,0.00764010677351549,-0.05353852560475545,-0.015097946536158303,0.11331935584626364,0.04360878176187633,0.8078656445327626,0.02157536311833539,-0.03282932223427758,0.09711646890958674,-0.01683120083316641,-0.07497687938346151,-0.018960605939089572,0.006103246312346775,0.060845871496092115,-0.022784089747618013,0.004270010198160506,0.12130929812314616,-0.031218819949102843,-0.0028187645428526336,-0.0708567763541471
-0.07338727108609502,0.03478784850700911,-0.0727602197439501,-0.08093690821514503,-0.0020610429269324673,0.021252863912150144,-0.015650659417821816,0.045185509504167234,-0.10073734914130453,-0.03322524179981265,0.020884867300629564,0.026979387734589105,0.08743790531916373,0.03548380214386214,-0.056847179783743984,0.07619122586711938,0.0065504115385869865,-0.0206559213371601,0.08274177655126874,-9.805956044167674e-05,0.07989855336703924,-0.04836647914509318,-0.017395671131909582,0.062148980437679135,0.07833712675645871,0.03052156253651636,0.04947962030983721,0.06963386816788714,0.16150039644446587,-0.09886740456956372,-0.028238228529051917,0.10910415557776144,-0.0499068231631776,0.01387522501006741,0.118239988088084,-0.042331275263931906,-0.026392937812464656,-0.006369360881865516,-0.02080817232478399,-0.12694744652681444,0.04165969357852087,0.020881743107494244,-0.004860177054793413,-0.02715055246662216,0.02681779380161764,-0.08340697384568302,0.7866420334079549,-0.017945255677665348,0.0578999738565662,-0.04498685296245425,0.003964328580430818,0.026687888191491177,-0.06460695451992199,0.03648829171935544,-0.10188135548195645,0.11543967553091336,0.017271701375082354,-0.009212087636988414,0.013538776270861738,-0.05184644149674472
0.08215890971028236,-0.028483844456570623,-0.018197410166687703,0.10696900903030479,-0.04269752828312928,-0.007634666866924711,0.07990613740055144,0.03279660604635337,-0.039359026160284784,0.040014048810419034,0.01966272954586068,-0.035717616483814274,-0.03864773255036019,0.12488349667774507,-0.029791470103623652,0.09058038082286266,0.09712023064563313,-0.04646769358170155,-0.16385520600137732,0.06020348785407648,-0.2167279423660144,0.035641278371513985,0.014748053804193945,0.048197504563400995,-0.06339261694469961,-0.09303730627959306,-0.02956013422240939,0.10817487678690385,0.033564971153762946,-0.08967865922626433,0.06812691959942885,0.1705770195142352,-0.020566928046875543,-0.0822379875993513,-0.016535909002996896,0.06613168935791586,-0.05898179597355113,-0.07346835753170977,-0.04564070097692369,0.011141368063639134,-0.19768874952916715,0.11751066409500882,0.07897276653223961,0.019627083197427314,-0.02767893405923051,0.06014748672862569,-0.038996912355634406,0.8798287394526537,0.14414273740535344,0.15542710397119314,-0.14143716063964745,0.1691637583490305,-0.0020579170046434447,0.04032914593239903,0.009125858970262468,-0.022925099399959847,0.040657807203664575,-0.05357895400057562,-0.03197233730972325,-0.029129295602103367
-0.02641584940062847,0.08398184918018689,0.13123117146831081,-0.09251356645965646,0.14110889443299005,0.004675036646248291,-0.012004082198056314,0.12278903086292363,-0.1356550318596868,-0.012243657698937116,0.11426978905954589,-0.13029489682706868,-0.018845021761221593,0.042724400124940894,0.0016280100801157004,-0.09168524692780458,-0.039700882170735946,0.0774539385534768,0.09809833627202541,-0.08615263607190793,-0.016736469188223968,-0.09090159631204214,-0.04836558954179581,0.009889653774891531,-0.18602735679189267,0.06373549735951053,0.0890210431340742,-0.09876578749701095,-0.15613892885504216,0.12496627979473912,-0.13924957489588394,0.07548310477157273,0.09970911304189317,-0.09947996325535241,0.1522670002618083,-0.17587990761800298,-0.04511947375332396,-0.05528501064031055,-0.006912143116300667,-0.014286483144999855,-0.002650515996768459,-0.08416429439686123,-0.013653674307037901,-0.10021524979190774,0.008559037010013286,0.16603847536432692,0.013305232359177297,0.04126419485709733,0.8231162064894136,-0.015950983750888773,0.17651130570488743,-0.00549764914696602,-0.04136798144151262,0.005945374135398368,-0.06447560751747557,0.14941055327101022,-0.15573193076820524,0.02625097803652273,0.05728222906967828,-0.03029487524922231
-0.06839005533685323,-0.11418026399584906,-0.024494883673265435,-0.15919946850342626,-0.0035089432070168017,-0.013863543217988144,0.05189628664609894,-0.0018842883733392087,0.08774734097681852,0.04244369617536529,0.0551642474280398,0.08733556218521601,-0.015540771017091854,0.1080386553748964,-0.019672709797609766,0.013991641938490866,-0.008097978895443685,-0.09497020263698185,0.0015409690904874815,0.060544060499909284,0.022636650414477003,-0.04532884284807305,-0.06440517250716836,0.025530747104063053,0.007494861931845396,-0.03507918615398237,-0.017622373700621058,0.027608475784660132,0.026854338850485687,0.06012463047627917,0.13010129112013497,0.00046089822704844233,-0.050781065622368504,0.043655934489604045,0.023054490843064594,-0.009848343926863587,0.13782695510589837,-0.024629817550631698,-0.14920158207111375,-0.06173478490628669,-0.010804184458848409,0.055566298956551546,0.07640561213187194,-0.026329422163022122,-0.024159017343614163,-0.056326809222408604,0.009944963542854296,-0.1378962180944986,-0.033655452217000156,0.762281285975748,-0.04830474225685459,-0.00025709074848959937,-0.022067443619163536,0.030151139871017935,0.11116338929364028,-0.05683530183802904,0.047836823003947884,-0.038899517671465156,-0.005486049220459643,-0.03886367409553995
-0.05229098792265484,0.033329807990904826,-0.09825184483636933,-0.11320144590208689,-0.0281081486219136,0.016249582369647884,0.06162783423864626,-0.04113509940950037,-0.10627522965784426,-0.051763709622800747,0.006042112699122531,0.17857104650673397,-0.005982417804860052,0.08200133418090749,-0.0376034841834216,-0.010143027162073097,-0.00947424857204554,-0.022661078786525072,0.1670911585961814,-0.08286119251200086,0.12128691100958422,0.06587365157931574,-0.027921317736521886,0.028699389997661848,0.04609450474779848,-0.03473032163188751,0.10639596555390926,0.053941327305474,0.06597889686705205,0.0032757475470451825,0.14010878549951286,0.06455098608711819,-0.035587889455484405,0.003202041340248707,-0.01495311796592953,-0.06778420866585794,-0.009644673992836039,0.006056712110319331,-0.052437290370319495,-0.07997141408560701,0.09185170373383689,0.12727797196243992,-0.012455834646864696,-0.18700029439168708,-0.09552823867848036,0.08172445101413064,-0.06720868487705518,0.06712746795156237,0.002943507522763232,-0.11809722938523703,0.8350787528627321,0.03965687342262722,-0.1233757220990192,0.12313840554887513,-0.03293899684515428,0.06791676202003988,0.04199371021113266,0.13064022534470746,-0.07362612105069652,-0.14058084269798546
0.0840058137902485,-0.07038513183584294,0.014530563023023017,0.04213064924728892,-0.09786121833857823,0.017062573870197724,0.09553275264654702,0.1501704700375815,0.0069686235121852475,0.17659146383461113,-0.07288578441617105,0.0767344367829487,0.06590647938796215,0.1937037126329763,0.07319860410131766,-0.00831069987493257,0.07634307105905025,-0.004687461407044346,0.08523271165419524,0.11323196794419249,-0.02650385485477062,-0.07464730896246727,0.09588680418107766,-0.07385817950414209,0.011626571961990358,0.01409217504831861,-0.02356657675279388,-0.17825440643614116,0.021384203648651734,0.00039542403255590775,0.0463621182633283,-0.02730370643651424,0.008865713031656555,-0.10858663531774736,-0.01974190119730422,0.11194350807247624,0.058393024854548184,-0.1064981182475459,-0.02515777984735135,-0.0669224571837457,-0.11171412377280913,-0.03557443242440274,-0.11178321025592301,-0.12375391869704046,0.026908809956405627,-0.1263960859449549,0.0012077124560073743,-0.02939348213680009,-0.0852229426599691,-0.11650751470975927,-0.056681548566736024,0.7290138545624093,0.026075313068349554,-0.1153694148064954,-0.1393725911887607,-0.28410407789715336,0.09631163863657109,-0.17805577801084574,0.1610037267936896,-0.07709133636794274
0.029646592386093414,0.07985900894738361,0.047304265682780795,-0.03848928128838756,-0.010847443850449856,0.2099839236287637,0.04012796003838567,0.035098913453038595,-0.11566533471172503,0.0059328565567286036,0.0065171437025585924,0.040285945044161386,-0.04003981525842548,-0.08387815323657054,0.007503654058301845,0.0700607883810977,0.11161961777013003,0.08130078255863356,-0.005775608597717003,-0.12032096016861894,0.03345958159110824,0.014653314945410037,-0.03884973413890568,0.08526329245471455,-0.019319218124296517,0.0318061147782605,-0.06809324877185462,0.07326689965231603,-0.12214719485252713,0.1456559483600494,-0.06479361642565575,0.17976966114557547,0.04925592084907089,-0.0809366916135081,-0.007488619877135368,-0.047489275331808835,0.06743883381355309,-0.03000692155202133,0.08799964467383636,-0.16378589129945106,-0.02169302487375941,-0.14073948114179635,0.09477429310042375,-0.018344753310461533,-0.106819873685916,0.058491497586132375,0.03241805801816991,0.009111085744815431,0.16966995589838643,0.11440583683468394,0.11320642570909009,-0.004906033187362168,0.8788464952063766,-0.026715838758867943,-0.07938402023028333,0.052793875485096814,-0.06262927172660883,0.078111341054947,0.117025825849493,-0.04542460458094702
0.06831327737865604,-0.14212378054069771,-0.1195600551385544,-0.11978952791049934,-0.07306223803014059,0.022097799421941358,0.0029683487208028263,0.04122449359031637,0.03562200137954177,0.08249103402995721,-0.0075245121082425145,-0.05115575681525411,0.004181530702637984,-0.24444236081074758,-0.034887531268060996,-0.06285525515812695,0.0015315452678167929,0.12368664778309774,0.22296243051896564,-0.1281634249199289,0.07593976376682902,-0.07153860258709357,-0.09152770780681985,-0.13907521505711976,-0.1331768539066101,0.002392000406398912,-0.012437869278244246,-0.06573100636087387,-0.06083032288067432,-0.03407339322361567,-0.25127750457410414,0.01883555835068788,0.1434127402889957,0.10030302261334843,0.11066420063391424,0.029664785986367775,0.1533152721115304,-0.004208153711542936,-0.0409740117377077,0.07496923100717147,-0.014882735567647062,-0.004362608925654366,0.004600454579135376,-0.07532481133185187,0.03484804713897228,0.032362417772432005,0.01952551150905089,-0.11137781629029343,0.01869548556849638,-0.00461003213535065,0.058032804573027306,0.13959451400002365,-0.002383108918243379,0.7938983652208808,-0.0321985424465354,0.06727971805075304,0.0710153793631225,0.15458878502925374,-0.009110521851823386,-0.060854551339503085
0.037793275205141176,-0.02672387049516757,-0.11372346318021473,-0.020128597979921472,-0.05676032872742298,0.09586337498334986,-0.08163898250051813,0.019659678496351134,0.02498524820649785,-0.21661903139902056,-0.04278837207164336,0.04132057906555926,-0.14359617953820042,-0.06484625567719879,-0.01982060740054877,0.013069779199002806,0.013933146927644172,0.027246316745819524,0.01964567704809148,-0.1703042720185014,0.015961257220988238,-0.0800846534538296,0.06714809537154239,0.03925092389495746,-0.009671890761461844,0.029459227782336797,-0.08792845887498459,-0.0400961990361692,0.046053699581094204,-0.01462057347112039,-0.02824256014917188,-0.030375288094795186,0.06226783709029455,0.08214857336128473,-0.06601329401531286,-0.024825749616857386,0.07117684328012845,-0.07409601046033762,-0.027137464717378507,-0.07332118833051411,0.0012130116076744673,-0.19643593004358684,-0.007020650749933624,-0.07576674869126176,-0.06268749814172954,-0.0005895579806782112,0.028418826051853127,-0.04907841981414382,-0.03554722979194569,0.026835345406485453,0.10700927169618137,0.02037982046194777,0.0011369564975806396,0.02318103837402499,0.7713273803520202,0.06594555811174191,-0.0014087302995375364,0.037521318808657105,0.06683615345139912,-0.0001573263174360351
0.05227224120080709,-0.008391263445273871,-0.06215814027694341,-0.026480108236072546,-0.09671068515064607,0.0004037956958892635,-0.03318651631917984,-0.07245560827754254,-0.029455693618532033,0.07145363305380813,-0.037808467986360235,0.0821286625631654,-0.16331478933387872,0.052766012126262724,0.08119447792101418,0.13155398366989698,-0.042655566176147026,0.02213912931165632,-0.0473663302345738,-0.03863378531456424,-0.19015785944998959,0.11752218801036131,0.0011458453545826436,0.03706958324541555,-0.025985595572083027,-0.10162978633839305,-0.028220810878916338,0.11019689656441425,-0.020983311128364823,-0.12875896988880164,0.09203633564735232,0.004778141038655357,-0.017406111238400173,0.0663949147149795,-0.02252523241628035,0.03023949089931096,0.09885139324321483,0.11740671052868316,-0.020404436868066103,0.06562628516702818,-0.07496045057466308,0.03901166005469437,0.06915334709100794,0.16398235942174516,-0.08802975848158542,-0.0645782379759573,-0.05119175566151034,-0.09788511793926434,-0.0646751527813324,0.10464489347400935,-0.035053967169045255,0.09629516929017927,0.11772085493493216,-0.046609490276453135,0.0842900294122149,0.8486681976398288,-0.02275873424427583,-0.10172899957547821,-0.0581292234561544,0.04856918862745385
-0.13315245797473238,0.05585219030814698,0.14296668920029412,0.0511057528740687,0.05187517310564836,0.041187842626296205,0.06945795865101025,-0.1040798555548028,0.005088988716262502,0.027752072466203495,0.00540764036945422,0.012166617912156164,0.039291559675379034,0.10783757634750109,0.07195327166756703,-0.004266722443985715,-0.06397143598206223,-0.06528365420852979,-0.014100374148128866,-0.00933976136155132,-0.12405127676005415,-0.11674281549594934,-0.026109269791628285,0.062000734337834755,0.038761712606970915,-0.1903628731988973,-0.11495320184373362,0.021148034697871975,0.06351649997126046,-0.03495782196566444,-0.03568467809963621,0.14468775479289497,0.05215158036585468,-0.007754474892868508,-0.08896901946301432,-0.16483466486172937,0.04142906812688932,0.07368766047496016,-0.12146255423293355,-0.016505695023129957,-0.022400326317410763,0.008126186548594809,0.14345932210341145,0.1442298600198945,-0.05927957493585504,-0.18663103363139463,0.04361531061638765,-0.09548551669871298,0.02329710029681067,0.0005263340991013122,-0.1024548249155547,-0.020274564043997197,-0.06206356630168899,-0.01729938492287608,0.00645857000763764,-0.006869620542677736,0.8107258162989054,0.021883135550900292,0.007796311795327859,-0.06318075948962397
0.1094108383596781,0.09539101807511113,0.03104229544590356,0.11091186901868644,0.0011168740967861157,-0.10131688369981563,-0.057016713637549774,0.10907850067477849,0.12074703840575429,-0.014786434203874162,-0.04071934886393832,-0.059184337112891214,0.059752657663547176,-0.06847143284685968,-0.016379749983349665,-0.1844814866053987,-0.008839766939798157,-0.07252398569298293,0.06262704752091848,-0.0025181649944670723,0.16097975892536695,-0.07564076278947977,-0.01953047471544162,-0.029831263879152487,-0.005061212760663887,0.04371462391305106,-0.007487087912196632,-0.0476191943427991,0.030027404999350193,0.08978577861048004,-0.0434630888995291,-0.03575528846520631,-0.0440690794255012,-0.07401151900866379,0.061853669885785355,-0.04709349820823015,-0.07829821895349418,-0.10077544052704944,0.049878404684497675,0.02253027708882116,0.1461596247859682,-0.14163605723135686,-0.057031689309177395,-0.1313206566467182,-0.11307288677720351,-0.02208985783150168,-0.030814138998349557,0.06627767420806593,-0.009811283633759707,0.016204244322817953,0.0153479084849743,0.010372708952585965,-0.05752410628792628,-0.08598116591000814,-0.06774882674113358,0.07842058270475201,0.07726959163916904,0.891225479120557,-0.08615116722762163,-0.055621407731288625
-0.04406899872760112,-0.08193913268203144,-0.04773952236222172,0.12359707149566879,0.0018360697649576047,-0.1271079801063771,0.08088310969509399,0.010949283725695242,0.09464407247372306,0.009892440010045312,0.00010386659637293648,-0.01678642288645035,-0.10517823159500862,0.04995974550953292,-0.09798210305222843,0.011709408721161323,-0.0710368429866483,-0.07994940637281936,0.057972551361539885,0.2259934889621566,-0.05153442706995278,0.07579499460135143,-0.036179555001499004,0.011840728238888215,-0.05940777547978267,-0.03275590373680573,-0.10299900115543784,-0.0381890321014495,0.01587582969611978,-0.046483040099376094,-0.024413687784646393,0.1156694966711604,0.04891747182000671,0.018537876751900724,-0.06165944763571166,0.03894401759600595,-0.023993046003207168,-0.03159570202332186,-0.07664888613239096,0.05431763882982527,0.07033046152429236,-0.07093001656764857,-0.06346154175426022,0.15951583452881396,0.08631100499315796,-0.08448213537313314,-0.03966543888061995,-0.06579793582102564,-0.05587607066595594,0.06629539809823243,-0.06312538333406877,0.03209068986250365,0.018304268362228406,0.01940616666823221,0.15168799264196248,-0.098280974627362,0.0931381035464569,-0.15485200189836423,0.8071935887490509,-0.008220228072632951
-0.15155214646525964,0.06595809779702846,0.2085213624554926,-0.022381900303865193,0.08660514912856133,0.10099830524981723,0.017380519877783454,0.06119112616550483,0.06724517197043631,0.07365017191912802,0.06162262715455963,0.06871388446933556,0.07589083618234801,0.1522559173787492,-0.023952538898823535,-0.04452267520140571,-0.059674636957426606,0.0577246326119616,-0.0011558065596632958,-0.04108197562941572,-0.14370109947610446,-0.034613977350380756,-0.009081976557382321,0.08754338389748206,0.01838671354748206,0.023443730226346784,-0.03880930687285481,0.05575051526923035,0.05880959718863071,0.09274768580516624,-0.05422830793538032,-0.0004108949426722244,-0.11550337223529618,0.07549076063310355,0.031194972618085966,-0.020679118025521952,0.08179150294590158,0.027024220691813674,0.009680280654043673,-0.14113783265768434,-0.011199836007917094,0.10672289392613522,0.2101737291645369,0.011459428244989245,0.0018666585980438941,0.1269285318500061,-0.003853065108731571,0.08444080812457687,0.19067748206514568,0.04519905908541883,0.19712616306859326,-0.01166864100182239,0.07916916028758933,0.013709113407851725,-0.03758141201470355,0.06298204531436104,0.04066837944275318,0.1210700618175278,-0.006670284757624757,0.7821911124212347
