-1.8009785354087606,0.9278033585867905,-1.6128854640018546,1.2677217684132926,-0.132412876227306,-0.8356743585403451,-0.6314996764853924,0.643825143476751,-0.24873699148323483,0.9537944723113508,-0.7938666387794444,-0.5363964325166368,-0.4297892722334951,-2.0258706608806527,-0.8219061425088006,-0.5534323363030768,-0.44406884446766853,-1.1485234336348895,-0.07757276367454738,1.3821383931554987,1.753671702913253,-0.4206604106300068,0.4809891043915804,-0.46963102030998244,1.760355250146928,-0.42192519470124457,0.5691337797974176,1.6779123828187454,-0.8693219971816106,-0.6498769780136955
-2.0824694435727364,-0.9843893690941451,-0.74648431670341,-1.6917527532343932,1.7951011309031226,0.8181276136866126,-2.9316416271310777,1.0935839913912742,0.19361395858410144,0.043150926228335926,1.482940891723025,0.15040406671060405,-1.1239506342274619,0.26069364569457104,0.9282625214015362,-1.2531138655881404,1.290302862269025,-0.09807129778092442,1.9388797037877346,-0.20348296738711363,-0.10934228935192437,-0.5157846605269131,1.7624365435397678,-1.7024888648723844,-0.1606182031311177,1.2064109168659634,-1.0611100387941788,-0.32354019394415806,-1.0375452147349602,0.5658145483756458
-0.7053803328183716,-1.7218718365928904,1.0790567795887571,-0.2709892168575946,0.8401786359409636,0.5194444001112775,1.4265861519195806,-0.4709948592063955,1.2166423590665867,-0.8654240130557205,-0.12423146163633438,0.07548212331225652,-0.6691969282127005,-0.9486784739228487,0.596478279292073,1.6895901150214292,-1.2823230337664373,0.26000910429086566,-0.6973522128846888,0.6701941071933406,0.49177919010242005,0.3436870848164471,-1.0315783595175716,0.2845578252736247,-0.2415702505293643,0.15949257690335958,-1.4867951436728226,-0.8460016217182692,1.3964433059235086,-1.7436588168207219
1.0876480812656957,-1.8446483387228627,0.23435180861247396,-0.6296907496185565,-0.2245060511451007,-0.0032641817954332606,-1.0286107653978367,-0.8258673255164558,-1.3009299307942108,-0.38221867229892464,-0.5800100820151507,-1.6801919316592837,-1.5170971383636558,1.4178821364321608,0.1471305699963043,-0.37433138615658895,-1.6565628358013376,0.8694287849376378,0.26985986574203563,-0.786941973159434,-0.36487697922595874,-0.3593143445196045,-0.6253808560581421,-1.0903649284839034,-0.35412231167455466,0.964427785971662,1.4794424646994633,0.7086111295472733,0.62844955497274,0.8425301377814906
-0.4278538569155522,0.021689721027314184,-1.8081507574505078,0.38871401110071097,1.4779516484636581,0.23694842897893822,-0.6796969352595331,0.662998591429627,1.1016870899713604,1.2020110594939628,0.2464862806339719,-0.14595835895406004,0.4572357921067767,-0.03308500482656785,0.5455442234609003,1.2049696738671603,-1.2327512224447272,-1.910395731039242,0.7574781290762391,0.3968118433626823,2.5508760503025085,1.8651578452207385,-3.2092850022082575,0.21985201609691968,1.8946038644274388,0.5566296030509706,0.3928177683020299,-0.3484470752578117,2.1458200363058464,-0.5909075502673932
-0.3602849244613032,0.4069999301667957,-2.305063074519377,1.1087066423958514,-0.1662568004632153,0.7419168619809889,-0.12083315781785124,0.44879198421400646,-1.093165039169153,0.11957472692220299,-0.13327509560453096,1.588418910401209,-1.3500177197834964,-0.6637740821309237,1.6274396846888157,-0.3994557273222795,0.3195736201474888,0.00881291352289972,1.4579284938154675,1.1596912533221855,-0.05807357291447841,-1.3217188682808239,0.6378004561997064,0.44638393122585013,-0.9512020154780032,0.8201611046738735,0.49376256578981015,0.9016680907126491,-0.07842636971054481,0.6011576770320904
-0.517170709712106,0.022251203598587177,0.13759028555193806,2.6123703663377005,0.9409859267687147,0.2528869747112293,0.6640751864301027,-0.18897066610369137,-2.422142535378366,2.858235350635207,-0.9319595239857406,1.0585816771868732,-0.1561997419363911,0.7427313417478805,-0.7764618048677354,0.6410009174296656,-0.47519921671060217,0.45663935345876994,-1.3789691787258942,-0.6014012863647967,-0.9700390652374924,0.9843111824169477,0.8860979848843985,-0.35921139563677396,0.9085799545995814,-0.6101935591123133,-2.058341796141183,0.16247312758326768,-0.3639844574839565,1.9655780016912459
0.35503266952890217,-0.15953646208863165,0.08638904612087749,-0.8638275178764036,0.9668542176793665,-0.19440863478006487,0.49337764157602665,0.6220595603237363,1.157810486830909,-2.0332751981964767,0.8936049450846993,1.2748206871657046,-0.1702276238019089,1.4112805198774403,0.4759720174506801,0.8967590499505691,0.23926845300818533,-0.9214172516411439,1.0362315441322947,-0.00826842893487002,-0.8535972944802088,-0.8309763666490628,0.13140200209355563,0.7068809204062869,0.41184487158727506,1.1851156027904015,0.11432646972038853,-0.5522797011323267,0.1055070480599702,-2.825465346208419
0.9173546890377922,0.4969878095375404,-0.6065673054851061,0.6877981812256309,-0.21738942228443459,-0.5386810857672925,-2.3757595357723162,-0.7040941612562595,-1.4717843266736734,1.0418892528331494,0.4199122811528996,-0.5678576683202434,2.4686951623414535,-0.1621943037970485,1.3050330847606881,0.486084343665225,-0.03451691036387336,-0.3658665372215718,-1.2170879135621997,-0.2152545881726581,0.22998955308636881,1.47026803561606,-2.637917292470445,-0.3109667860456829,-1.1009513955239623,-0.932618751886159,0.8320983862294244,0.483600460577516,1.343054817598711,-0.29799928544393545
1.9841397526508187,1.095045376518069,-0.74712793142028,-1.4264050507260746,-1.0521949449938521,-0.3699088674913722,0.15448690841696178,0.13785710159951825,0.04315130802705433,-1.5031579602290281,-0.20440771992927131,0.15363557488711152,0.39673895172831636,0.34897935269220576,1.4568495402710744,-1.9922585547497447,-0.9403547022026217,-1.3886170142324312,0.7265582461596326,-0.325840572823498,-0.6692744861723348,-0.2283956108150807,-1.2105349231700016,0.045309117649639755,-1.075207997720942,0.849932539548515,-1.677476013420028,0.9123602015215296,1.1353162594113817,-0.4663412098542101
-0.4778113438969594,-0.31767540944055855,0.387954179490993,0.8934514233877554,-0.6829167562302889,-0.6269868687507288,-0.4061496681176805,0.5985801585038586,-0.825402219329642,-0.08750467934170578,-1.3593335586723108,1.5341767869795282,0.3811203807626775,2.3727566726661014,0.6668866630078158,-0.9601327545948254,1.120715112831203,0.35177933921497645,1.1291305504033653,-0.09051020725577381,-0.943588125316683,-1.0739410019066207,1.4325397447695123,-1.5660449993224859,-0.866606480330691,-0.7507492802463643,1.7468544332623164,-0.3785015128046386,-0.6435609402620811,-0.0631471804640957
1.0742663538913928,-0.9701108143661225,0.8217632462031791,1.1802441867562865,1.0975315744639216,0.134490294779359,-0.22679822191893245,1.8117079973064685,0.7408833303984603,-1.8671454457020331,0.6877110472329476,-0.3061097060280307,1.2502994536840597,-0.285095376070614,0.9981021027945641,-0.4390968810390026,-2.78016146174135,-0.31263644832776527,-1.441567718125453,0.9664412454365965,-1.9192363020165635,-0.3164988530939679,0.011572478956667928,-1.2372231359015298,0.6951087190747339,1.0819686798235746,0.8093952035793092,0.16787368574329925,-0.6251807306206972,-0.6186130918821091
0.6194057625850795,2.1162985474506715,-0.6509683353670078,1.0461265547614744,0.9972404341562175,0.6949000817643155,0.0706338503527441,-0.18095198609264876,-2.2951984881053162,-1.2333714707008039,-0.4769841215380431,-2.116157254771478,2.0102406875201497,-0.20185352658411435,-1.0790594103982674,-0.65576931991948,-0.2604361486396949,0.029112115850993683,-0.8881733672882265,-1.43201239471032,-0.7518111813016569,1.949668331962719,0.0413845931978107,0.6025504081743719,1.4820831848232365,-1.1278436945788586,-0.054497652944485254,-0.135377527685544,0.39613322501552484,1.3556901791058096
-0.8311409847679372,1.5125301445463037,-1.3004728658082507,0.23389982108904078,-1.0196990703152637,-0.23569558211161143,0.4163446239811009,-0.3300849353556418,0.6040783478003809,-0.5926315785686229,-1.2509162562569232,0.5286760155229787,-0.969469341624937,0.2809334996576443,0.25419253828140603,-1.1035755701764454,1.565854069237694,-0.007646556188112635,0.7586032205515321,-1.621505617978955,0.8621500117972086,-0.09431334403736993,-1.1045465429264738,0.7164366727438455,0.6058219849588176,0.7364102616135944,0.2029488556605316,-1.2237354109823884,-1.407347721676465,-0.3501257048659875
0.7794388199590503,1.2052783774020523,0.4338198618725517,0.13766606107099677,0.008086934217472676,1.0034268944774365,1.0620091117131565,0.03337626777298668,-0.006021931803521101,-1.0047924033818343,0.19364103842072225,1.7332606554830374,0.5716730098440395,0.7623706619496033,-0.4188985976719982,-0.9798132183151934,-0.6604893671525061,0.5050908519006538,0.2593800304314392,-0.04121628753595597,-0.9766990200379218,-1.4584948777846516,-0.3490169421930242,-0.24953567136692348,0.6804514031119916,-0.5655928219010106,-0.4156864272231616,-0.11200746422971353,0.5232907798984471,-0.9934818947177076
-1.1676451929710208,-1.0073700007155504,-0.9138039372030006,0.13797708322915767,0.36520738569059275,0.5811539165496615,-1.1253149616417826,0.6116439782867975,-0.06600388251421234,0.04659242048419245,-0.17104382682573646,0.5942730696192252,-0.250101897775635,0.37396605012024836,0.2008936917599399,0.488282647811046,-0.5507234565163363,2.4647678117009044,-1.502622167039066,-0.9292119190613533,-0.559781585723045,-1.1268784017836582,0.302999425210195,-0.9769141399719798,1.5473401339270816,-0.3571484528664559,0.15957718871900162,-1.1374643177882071,1.0366448184064572,1.0667445991494777
-0.05109109977285665,0.6408022227027097,1.0151910554065915,-1.4974647741413853,1.864743824302759,-0.5389532220620639,-0.2257020374935743,0.3221810251040078,1.1864782376043157,-0.6177340926389823,0.5395917194983618,0.3227192493500081,-0.21159965468437522,-0.03668600937630563,-0.96728201742385,0.40789124955144745,-0.4184091728873028,-0.47535526349785234,-0.9521046558584303,0.46151903048414095,-1.6375586277898486,-1.431163759263267,-0.4959607112959528,-0.973194581411055,0.8281661002492916,-1.848413429545749,0.7843072182639617,0.4552822390713771,0.41132844123530937,-2.1898547987743355
0.27990968859098114,0.393249468763685,0.06898781753093755,-0.5800450962319759,0.5788611130672665,0.0531251526694329,0.05633333652327976,0.20306267148378157,0.960620225052111,0.11668040879630599,0.1638284827176203,0.8345888982124148,-1.254936564096708,-2.345708842248594,-1.4539624617156404,1.6231319543183216,0.36928452235406833,-0.5513741367486439,0.34697380033662295,0.9850103387236416,-0.6255122002045661,0.9968668100829056,-0.6692068700093522,0.9267723699525043,-2.037588836305411,2.914042435789199,0.16726983745123553,-0.05951841269955159,-0.2831961011204951,0.45418406368866465
0.1940248240945747,-0.620795957866303,-0.38042431033117696,0.10637347357425488,-1.7569699942061747,-1.8365331960529345,0.6584564360568547,-1.3880840268143286,1.3674471597984967,0.0350432844541936,-0.7854221443953935,-0.3409973794830628,1.1976891152712426,-0.9949707625594837,-1.78273872108801,0.2875349901867632,-0.6302251388427431,0.8765511875844311,-1.4027728135224664,1.1870981802516885,0.32002567759350653,0.6862213203040247,0.7515962003984744,-0.4795017937562621,0.16262190047558972,-1.4375431951818074,-0.22220969619429679,-1.0631184436053602,0.5606193583788275,-0.5112684812165563
-1.7477709710676856,1.5509724897557207,0.8873118652631519,0.2976814193027308,0.8544787816891668,1.0310522043749433,0.4664302456225344,-0.006941867020724651,-1.0714503228567214,1.7221266005737053,0.7406024026086223,-0.5860973674182492,-1.771100021082029,0.09582852546987959,-0.6849150309075006,1.065082975912171,1.4409214008905646,-0.18960404334674522,-2.0004669088972866,0.2600740747988317,0.3471111960214851,0.33716431885087284,-2.4362585878747756,0.8556737773485849,0.7003257998081361,-0.12613623793316703,0.07478242946097266,0.6473669247860243,-0.20446986271488188,0.15135948672347838
0.11637135830088441,-1.216546998923073,0.3848021620402813,-0.40492811087580743,-0.0599526759506938,-0.6533412276686092,-2.0001396679512715,-0.5120591931049905,0.10378580313981563,0.29114831368383315,0.15229175149862895,1.2519285958999073,1.035920140984693,-0.3320154247760541,0.9757122491159149,-0.44540881799054616,-1.8283989860623517,-0.2853511113669989,-0.00978585389940747,0.2645355686076993,0.45105618894701494,0.9059950378507767,0.22240320336780117,-0.04441111151270154,-1.8794438219408103,1.603644404381731,1.1577034337618435,0.3664072573750846,-0.9701561960105931,0.448481590167841
0.8859346767638636,0.45528143957983896,-0.12333318241812116,2.340688456290228,-0.052881935574579174,-0.7076914382011097,0.393693756390121,1.4069463344025306,-0.5158613159607723,-1.1300368226926614,0.4864974159280446,0.17000145605095812,-0.9543976691642456,-0.15776100965985942,-0.04288575028402188,0.6373450117620981,-0.16774913738556835,0.0745013421905169,0.15284250854070108,0.8085252402301277,0.13667471950657611,2.6443868972632236,-1.083421644764144,0.9079060557994529,-0.8351057292122822,0.45220087769276246,-0.32947018490183333,0.7646332761847378,0.9726065369747662,-0.9534213579968992
-0.03116906980396615,-0.2879477855641946,1.8985746353007682,0.19599503369804452,-1.1788342361233208,1.623995966813164,-0.6902507607717075,1.109709522349643,1.0151440642412142,-0.721535896386268,-0.5750439547722354,-0.45378085734706225,-0.7608408032887561,1.062326423342071,1.8485103467946835,2.630302066442023,1.5583489203400036,-0.023296998219585516,1.4377830339638125,0.41472010408300763,-0.4100276883461999,-0.23542945270145246,1.8092366801403408,1.8688764368849977,0.5634854605642319,1.243658869851587,1.2461633698754786,0.41599218343321476,2.4785725816162363,2.719919971264737
-1.2067447455189577,-0.6685340472979864,1.387355864336396,-0.5594722228294063,0.27413521039557004,0.3709089944996467,-0.18278941094500867,-0.363848091281494,-1.7708118924363703,1.457495800987512,0.8782098722846187,-2.2030319286297684,-0.7514448509165301,-0.18611720260676576,-0.4539594925924551,0.19679312669434934,0.3786784937442991,-0.38763795374114124,-0.9470867265065785,-1.674197552223947,1.5395838621091855,-1.455790740788272,2.1708944749329864,-1.3001510937068186,0.8055165096586347,0.5288832439943889,0.9999031214521586,0.3425053872247196,-0.9167803078162612,0.3719496459701488
0.8836434399476681,-0.7949893859642774,0.2536824580313188,0.806663509892435,1.1382827871385919,-1.478215229184696,-0.5178052509816158,-0.5525145702667511,0.12999674840381462,0.0821628292962497,0.9719677602554447,-0.4358713930376527,0.5031633459957572,0.46426040578583716,0.6883789107426826,-0.33546094340397997,-1.823494601778798,0.09996222464474357,0.0479935375491138,-0.4761785338031306,-0.6920780293648953,-1.1632435952748936,0.9277507833264292,0.886799539640481,-0.6939035255329965,-0.8512178932167138,0.23342197726833144,-1.0152224851488865,-1.3093995725000593,0.7985521326654365
-0.6594036844691911,1.2484270092661158,-0.4850392281130659,0.4068374573471967,-0.23943020914531934,0.24536751068395865,0.909609326234406,-0.921520361681064,0.6961556670982373,1.3290433529443377,1.2207839960166833,-1.0322712565315086,1.8561439990861202,-0.412550014109879,0.42290763517973295,0.8692626448242756,-0.030180583206288296,0.681780838680956,-0.06036874603471371,0.11137767003972733,0.3946835773195821,-0.45162364602070293,-0.35372858062316986,-0.5936698282403058,0.6723205748410267,0.8046938692030289,-0.5537919845362576,-1.1098400960896155,0.7866126905199177,0.30217931180529334
0.1689334124445378,-0.35222915296100893,-0.8663637580085262,0.7953784934432643,2.185895770318953,3.1663599460985012,-0.49337985777298365,0.10207741951197148,-2.2603762237377474,1.1832747818185312,0.35621355865982357,0.2750396246498624,1.1863860786739728,-0.6591715614238062,1.7254616871120807,-1.0780331223312296,-1.1711789839298845,0.16639213702271755,-0.5918606957779519,-0.3607700030490435,-1.6670674899606954,-0.950587228275793,2.3897774568717023,1.602110577141739,-0.8629768274678831,0.7580643172093485,-1.158651991811197,-1.5271965727460415,1.5931427525303206,-1.0542072136689
-0.1665294871637902,-0.40434077812014796,-0.1018350582561306,-0.6782194947220826,-0.22177179172489736,0.140539789622435,0.19456167255162798,-0.4751849348402564,1.5650777122745463,0.09531446592387201,-0.3357898379370613,0.7596559198738804,-1.5694257937947484,1.0202003093604348,-0.23693765971633718,-1.5963669399068094,0.37753841683516026,-1.131782708866777,0.6277802872457505,-0.24669176985443175,-0.4340643003890546,-1.162582952973379,1.096913508977511,-0.756496282966192,0.5907163012733591,0.16732157563366426,2.9945615767957587,0.6358138921418758,-1.421941854725516,-0.5976890624315894
0.31443528531871806,-0.5264095194979156,0.19562009198824082,-2.943202208860835,0.5555928242134724,-1.4326425493941914,-1.7474363201456606,0.8916641311430337,1.2132890717945737,0.37786676524461216,-0.7151885990275344,0.5252989728338651,1.4952961528710949,-0.28411484075127885,0.22929389151711965,-1.0384119055424803,0.29240728944279754,0.5335224381124735,0.18741674291918928,-1.215888741757774,0.14844071413784682,-0.6013284037352151,-0.7794675931669739,1.3501065478798628,-1.9106789376616986,-1.283233839904453,1.0809550022325138,-0.5092419041166474,-0.11949144100944291,1.4733609961146479
0.10347293414740182,-0.759100538455393,-1.1937142851481084,1.0420380245283636,-0.03870031966063856,1.2854586459565474,0.8238956773697791,-1.571732560232537,0.7896877652336957,0.5585079972660553,-0.6364501757442653,0.27736786053954215,-1.2131248438596531,-1.0133198520235136,-0.3743601684098771,-1.0231053601915399,0.17104037536218053,0.13176995249347387,-0.17731778192138473,0.40047842166012365,-0.9305828036727145,-0.0757346211027681,-0.2327386198966491,0.6823553155651406,0.005702802766220278,-2.3112056292690197,-0.09799500898278929,0.51419738642377,1.3219993878681413,-0.48213321891414285
0.14656513711909544,-0.061730343298780146,-0.15328247439288384,0.4426947481331852,-1.0189613654365002,1.2318558845464287,0.01830984516845715,0.9352239557152712,0.09518812377685028,-1.633593442839855,0.45852392595647645,-0.4566499949643852,0.629397193600164,-0.06981807994709363,0.9213081286464714,-0.23548037454779008,-0.3657083628181107,0.5148570184755578,0.015606847429115726,0.3429699436908621,0.045596987774010674,-0.22101821381393894,0.0075130837700459014,0.8589590059208743,0.4923243490821905,-0.18014921322597002,-0.5178809152382079,0.8466272309596973,0.4381174749115877,-0.3807639226976702
0.6693527436117546,-0.2947598973332413,-0.4669690230419155,0.9923577903277269,1.7871928003578694,0.23826922451855875,0.030251045383249745,-1.0110279324524314,0.2525303577803627,0.39068819709060437,-0.604564351977051,-0.5260243503490714,-0.9777142620473039,-0.026644452030098794,0.4456543204612419,-2.0072045746507565,0.6899811247922262,0.9497593783617173,-2.410067823322953,-0.544218282993411,-0.0834569657818174,-0.5807346869079065,-1.547290126275214,-0.6600882898973686,-1.3698983212666223,-0.2611238614771186,-0.24991107716446812,0.7753880783920732,-0.4712069685261553,0.21666102455104855
-0.6483831435592867,-0.21516787698598086,0.19255518660588913,-0.523094951822765,0.1621251502228034,0.5556465175100503,0.8528715157504282,0.30548973193130363,0.6743266642317172,-0.9581153752938155,0.7292518121849385,0.4050153596327831,1.6571670479015428,-0.23008054581976012,0.39684407619089623,0.09293646232090284,1.4206551327736388,1.4708643788515192,-1.3632379665625878,0.3512918602547878,-2.442567707532466,-0.8774695589957389,-0.4356047160886851,-0.11067044481811292,-1.7707275992515379,-0.69135115603483,1.0533509718128733,-0.4487409845804448,-0.7871469396231852,-1.8005283541719879
0.01873109172567481,-0.36065543149239176,-0.3748569028624009,-0.18297203834454398,-0.8495892538102299,1.656137065389433,-1.0124652960022111,0.36306206766271326,-0.0926086154676174,-2.826707442717275,-0.24955413073693078,1.0674062350111824,0.27865121586099273,0.5509220539928951,0.6700334002615586,3.5755974449297345,1.0259825462772958,0.2605061683208879,-0.6394415572039205,1.2358170071856782,-1.20780565626574,0.7040999609043841,-1.6464929923588454,-1.5140520667523607,-0.2703499238068073,-0.783128899154746,0.7700546835744349,2.2480705529198772,0.16879529767419765,0.22449354854909634
-0.5812897021176271,-0.6361729545462732,-0.36505046013612014,-0.18403124911930352,-0.007009987652368925,0.1406100257931584,-0.34826101319466357,1.3413428041361966,-0.9024440385440486,-0.49782114467829097,-0.1679418988428184,1.3867175602758028,1.2122026936337382,1.1738119352784921,0.9038882038788084,0.05555932333741255,-0.5692881280957387,1.4421768867053593,-1.4392851834579348,3.551269529633589,0.3161045167878965,0.9466941092828087,-1.0081838734490973,1.910468851379418,-0.0036476874703521615,-1.087401979590783,-0.2832597002716992,0.5126121793713357,1.165770853587961,-0.01186800855648202
2.298476805592914,1.242483655714252,-0.5472847138787654,0.29792209145426807,-0.512172012467078,0.23249813269008957,0.11897393465136197,-0.626173112716401,-2.0006567347806428,0.5772362980208364,-0.08714776236557889,0.9371936601920752,-0.3035576904619597,0.8033586766851512,-0.5157720789493969,1.2355341229733747,0.04271380121906765,-0.7221254356292763,0.28974304635194653,1.2018218999419856,0.662231812529212,1.2001954350452753,-1.0950551814309784,0.6692028260434556,1.357375503803221,-2.2442277804625435,-0.5896938876838621,0.47580694801545115,-1.3693327076773745,1.3965539269899332
0.4718322574541818,-0.7146268182714173,-0.5821307552661251,-0.13022771854909956,1.2779862081921387,-0.13993484716330526,1.0350939005039317,0.1395373332850326,0.45724313073155276,1.695162966733294,0.6451081577698827,-0.9474054430638307,0.665127063642433,0.05656573373847997,0.11325630511415753,-0.7569384809587935,1.709933178956695,0.11442262899411978,1.4275403969773064,-0.8612199272861627,0.5131226672410936,-1.2167363536305553,1.478688470084528,-0.8141141119195214,-1.8656224095714873,-0.9113523353082171,-0.2871355782154569,0.7769376770388939,0.9861091138892173,-0.41491558844923526
-0.7151032804076985,-0.28398495773987104,0.17250133543648669,0.4409246976484417,-0.8588152484147612,-0.7189207530099607,1.604459861217854,-0.7343984709786331,2.0031216463680606,1.3368519121653946,0.051774834124255834,-0.9912802047164049,-0.6086529324835147,0.6971513224662796,-1.447156704573906,-0.759085593598328,-0.2244042431091809,-1.5586594899833877,0.71423901703853,-0.14504550783849962,-0.059251037514202035,-0.3511157142409622,-0.5452980200180876,1.2903368817835426,0.05854953674132593,-0.48327487043169715,-1.3245614409824438,-1.895110915570197,1.2034119131336083,1.7204516792786968
1.6877324603107535,-0.4875492351771946,-0.36641517021374775,-0.2763390592417809,1.4725259607044792,-1.1108919441474954,0.46759337972376336,1.3141313548436329,0.6035944749928949,1.4253705232486396,-3.038083647196242,1.977768218454432,-1.1376935489609072,-0.2345217664932571,0.6509537842026696,-0.13859963399485598,0.8278840702003399,-0.2723892855878761,0.6569808502334729,-0.8313176248952477,0.2989537978201399,0.14587203362667947,-1.2773098034505848,-0.1758196002107644,-1.0098840857469205,-1.7539429028314077,1.0178795608105367,1.225183942592494,1.718706407769241,1.5925558549150367
-1.598563123317903,-1.8411365476612849,-1.8521269545898207,0.9558135406770111,-0.8701107153978833,0.4479209957080071,0.7884701781459783,-0.023091229296999354,-0.26659012626241896,1.270198374095622,-1.39649097999189,0.8166052795061861,-0.18723640332527877,-1.0599097018128543,-2.122111303795423,1.950292520633343,-0.6074638114501943,-0.5535033613795505,-1.4370992480497362,-1.2817561755736395,-0.8522976006851487,-0.23374517982819787,-0.6963618146346651,0.8298454600570216,-0.2648540482250964,-0.6949351516359212,1.7090805687166604,-0.12475884299402483,-0.8182164705108976,0.13480253300162315
-0.41764455998880445,1.0473216834865817,1.4675761035207422,-0.24211839959086162,0.7028099955750022,0.3843201773005867,0.6759946399151754,-0.1632750755982177,-0.1735882330367372,1.1512396503402917,-0.2051128518828103,0.03827562160255853,1.1065218890859743,0.7949997592398393,-1.3150068610686911,-0.5641481604357689,0.048572958185549846,-0.508451157994838,0.7320163200843489,2.112855837721761,-1.135213112968656,-0.27698860456976176,-0.8694141796801166,-2.979413772428979,-0.28335537762593,2.6705289688031755,-0.5991803141742483,0.21244747677269918,1.4448164062156899,0.5984238531183855
0.28868273377464654,1.5566679556913998,-0.05474312640349273,-1.1939910103700637,-0.011529107277792883,-0.007948789390759776,-0.08759287897994592,-0.7735680280836253,-1.011959973785137,0.10501411015099085,0.8812814367258752,0.33275422969742324,-0.007879860440213765,-0.24134961569521182,0.4171439661827358,-0.963063070434764,-0.9647060308617449,0.6318250250643017,-0.5968905555040417,1.3877522259482233,1.2813186186225043,-0.32233544641996004,-0.9676723417887234,-1.1236532432878665,2.5308423818304178,0.42983712918656797,0.9543574750504044,-1.544662246713779,0.9577996618253917,0.7450553617759014
0.32964425003406483,-0.8003558534569862,-2.146428704041379,-2.2258748457823554,-0.5129454350515917,0.31072259868785035,0.4204348979097605,0.04595707719311108,-0.9788017466517357,1.0221608089423126,-0.057941204205456634,1.448815666952302,0.6013635739626837,-0.23320847768366204,0.19939030553005127,-0.8132316002589055,2.147996647679135,0.7709551521179451,-0.9845864285553124,0.31944085976669884,-0.8505322122184124,-0.21638637093225807,-0.7075658168035135,-0.42687256749800184,0.009095314611008015,0.3587010247693436,-0.05586500425694349,-0.2826146982711377,1.17231276370673,-1.0805933175823237
-1.3947868310303886,-0.19942342264792984,0.35489896021182776,-0.6323163820332145,-1.8378436345687692,-2.519821706877433,1.0008083508011656,0.3190790398774157,0.7682460403541627,-0.5784827105490603,1.375668689623747,-0.894956673496756,0.09002401344284537,-1.225401123683855,1.1458166435626864,-0.1283113809579714,0.24255863671027056,0.6887504009553973,-0.1634261941060096,0.1322748844487424,0.9669402989384908,-1.1986884833825422,0.053669076556466876,1.588916130178807,1.1263730008723591,-0.5188875511929708,-0.960919123046033,-0.04781023731051973,-1.3291979754720826,0.5698642767113324
0.6207137863557766,0.37828465686853135,0.6419834437701054,-0.2990987176499485,-0.34590013131969877,0.16847023415261608,-0.2098411982982703,0.8493634804015655,-0.3583864293151455,0.6177419099521797,1.7208850255344703,-2.560432597836564,-0.5201021656406022,1.2131293728267307,2.6404863143855892,0.9943390159739657,-0.730363774333366,0.4146810538798346,0.6700655113271325,1.1542713436043963,-1.0875212127986034,-1.215666687940413,-0.3544348915347841,1.4168787622301586,0.07011906838107376,-0.5843677351936934,-0.3397559088432544,1.81346902906795,-0.23787628811085187,0.028755591027819237
-0.3113118961831205,0.594631300235011,-0.8048123330062733,0.6041978519833547,-1.2584709416074147,0.14830841934425038,0.19040870704102317,0.9274002996911587,-1.054602576251564,-0.3001953759881802,-1.3101808168925604,-0.26099872613253844,1.2980702205878134,0.845902442287746,-0.1126155938152343,-0.11877408049570441,-1.1273212208152517,-0.409097512689574,-0.06963902726294868,0.22575402326345637,-0.0018619430201617007,0.10117024695293998,0.31350237335271297,1.0689069640571267,-0.6321359769691918,0.6728532472959875,0.30504379389506553,0.7496807489666638,-0.06215368547112567,-0.09279553276085642
-1.9562946402000359,-1.8044324898036859,-0.8502363406981335,-2.401407195640972,-1.02692638055468,-1.479214323900358,0.20286158676030946,-2.5373256798326707,-1.984885555278361,-0.2641751381361973,-1.2472022806393452,0.0054830888106928355,-1.7689480100039772,2.1701857393197717,-0.5420115189452058,-0.39309879729577674,0.8369432826157576,0.011003792779544849,-0.5052057565235732,1.1267754428858152,-1.608138274564776,-0.7388278135698105,-1.0103166752275012,1.2710547736440416,-1.07669257193191,-0.14347120649352188,-0.43522482207723784,1.8431725844801674,-0.7829172822200904,0.5494903924478657
-0.6751557095137511,-0.1472573632657308,-0.7055103384748155,-0.7199449458769396,0.15313981864144843,0.8301436421523242,1.3006215125489948,0.7719373298882909,0.30675178042450607,1.0699037315381823,0.444844864278736,-0.5543752380822036,0.1043811996940505,-0.9731850330680717,0.3421410011520987,0.8632813515485354,-0.6503664521851856,0.43534745842454026,-1.3590028347475545,0.9736354254435736,0.9459338119963538,-0.026867775669246263,-1.1855568033597563,1.2268928046061793,-0.48145611388950055,-0.3410792553259292,-1.0183439283535127,-1.4241525144709573,-0.849021351862043,0.30699409043663084
-0.6050294319331765,0.438763050492725,0.7674699893500783,2.1425596542717,-0.31087139453489804,0.07653745413319028,0.27615817647359164,-1.1033929004057113,-0.8494295424480646,-1.1794719623196734,-0.9208979140271276,-0.5371026013983216,-1.0221532331823346,-0.3570981038144602,-0.3643593694922756,0.38863818702248737,0.8299998165657297,-0.7078001977829913,0.23120081891250313,-1.50646450522258,-0.7944226091011399,-0.5497732976986006,1.1253946796887337,-0.8023130285556893,0.24637508519525808,-0.0907884975158358,-0.42771626533502527,2.0544222546752,1.0948881860903312,1.3608469115879205
0.11836595919116907,-0.1315791923275734,-2.5800130623486424,-0.33454700894126166,0.3096070526477422,-0.49996561205635964,1.2516911319991346,-0.8466856018372358,-0.9543044634512949,-0.6905868848136227,-0.10461986666133184,0.06834210227846203,-0.48801240740413315,-1.137590042050102,0.5695910756466253,0.3630021626979621,-0.8450736586175498,0.9610499785780091,1.2306054157895165,0.6254002147208524,-0.33331967288952735,0.5665731733916468,0.014791041927037066,-0.19097963644889693,-1.7866532304970688,0.3458983369222949,-0.10546590036722289,-0.06365500775373253,1.081570476334199,-1.004761722540214
0.3285359511001117,-2.0987460400165814,-1.0924255972598824,0.6569508035200812,0.32974396392562927,-0.7125890142996226,-1.7333162182731974,0.4237581939372612,-1.429585955162474,1.3214484458203748,1.7695778486394347,1.1159792775827704,-0.3823903317618458,0.3697988930222628,-0.9476408410321927,-0.058783016151741044,-1.2999104420555727,-1.2610121405657813,-1.167301727775,0.31526008664199806,0.9984098114389215,2.3391753326140594,0.1615086425888295,-0.5011984568299177,0.2362975638612184,-0.2367209173687616,0.7289377642808315,1.1197440939623293,1.4715461626822386,1.4237337425316166
-0.8421828884438791,-0.2589954592391288,0.9609277894782501,-0.44958108283477144,0.7477111704301007,-0.8330805365449659,0.20881786128722457,0.20421691780286344,0.5484041657793068,-0.40292847388346054,0.5378128520801992,-0.30763468336580413,-0.4638362176622573,-0.6495331126037968,-0.8584033957107133,-2.0328863599367257,-0.048891114220169236,-0.6896599871690225,1.1302255846105331,0.45186147112394004,-0.3222467154999165,-0.662886206354911,0.5186407729690993,2.50852892376139,1.1851858939188635,-0.17560357963504897,-0.24833809608206084,1.7374994154698717,0.2117976013482533,0.8299668460176283
0.991123300045775,0.5934447283992782,1.7648631434961526,1.0800787434183077,-1.6807473487144304,0.21515295571325177,-0.4473296934244195,0.4727524793452963,0.014014495521981432,0.7574387319101665,0.7099637257015411,0.5705376043146384,-0.23340860553220955,-2.4381832384814515,0.15261123063657156,1.2479259692610232,-0.865142919150769,0.8384239456930768,0.059241013885519014,0.6365946298557159,-0.27387540607783595,-1.4502880306875778,0.05860911668257383,-1.1509065832894931,0.37692287023085996,-1.998261644241598,-0.9927557779091553,-1.0633497687897473,-0.09601898261173235,1.1366002587056323
0.057781578144827456,0.22628576496406833,-0.9394923422248862,-1.3506215537725987,1.3179261231168116,-0.4560635744256683,0.6396357328360385,-0.2761832420999456,-0.10625309514442204,-0.9627292215049017,0.3844812890050665,0.978733576932643,1.1605183157040113,0.14435767506592354,-0.29877872591767046,0.24022219875777895,0.6462652386005561,-1.4020503294480284,0.831069872826764,0.35194266381905487,0.8015911173609623,1.5354698088652456,-3.0833331323007775,-1.3292172328987766,0.5220913249605783,0.5789167983004024,0.37108276013991714,-0.11953762454900801,0.7295431324192164,-0.49979239287298544
-0.19400402250990667,-0.490510095809647,1.4101298245015559,-1.1375026377502324,-0.7417338317885782,-0.06581444450556902,0.5174760248858512,-0.28934570098088835,-0.7057869143723551,-0.2552195081898379,-1.5996712616576565,1.6526603357701353,-0.1036737004838316,-0.21879685881329883,-0.05640977845300169,-0.9598115223394202,0.854683866645128,-1.3365886786672536,-0.27098427919255713,-0.8899284310831719,-0.23474727795506417,-0.7750166244602569,0.9506149512415104,0.5126356638439806,-0.3778581524264418,-2.563892920045927,-0.5248877405687211,-0.6125089743242744,-0.9818186260416217,0.4933539543964984
-0.6067272893301504,1.613882477469589,1.5753162460829189,-0.5029934193225336,1.0736147927459634,0.5242987632500495,-1.1681624986922121,0.6713915024891395,-0.6647928525952216,-0.6612199510634869,1.2154917799594407,1.0540264825429353,0.6741680309853713,-0.8397632194542898,-0.37227805930055496,-2.3012090721507357,0.4804455350896683,1.1250260524135003,0.04923883130970592,-0.11897599470324481,-0.3856821015817728,0.13840678268074066,0.8578087342195349,0.06464797904030109,0.8451531378894654,-0.48316155489730256,0.7362171418273022,-0.19625851539329897,0.8114763884579242,1.1916098672095137
0.054717485481750636,0.7005226248381193,0.0444328403235461,1.0422104900965328,-0.09218228862709922,-0.3141960333674379,-0.975854275453365,1.1481622428726204,0.20797504763332972,-0.08557919727488048,-0.032049760505097065,-1.8406934603113412,-1.0421250369384087,0.47103311605470566,0.8208497240902394,0.9577457687682255,-0.7612385336022339,-0.15630173591635912,0.4410654601171698,-0.767908985767137,-1.7773611445183926,0.7988435494390321,-1.3285924098804476,0.5761904422972889,-1.4568892917976315,-1.0159643758917682,1.9052107151782816,-0.7259160194141804,-1.7948198922054035,-0.13306331602981003
-0.07061321127270266,0.7201944589195566,1.2257680159373594,-0.9375403334770813,-0.5436824569623027,-1.0967021245098691,1.4724333329049937,-0.3794998311744335,0.11787487653378197,0.9712665412966434,-0.6408473915675079,0.5560582193675448,0.6340828832013963,-0.5056570230166488,0.07797139076111746,-0.9527301786553282,-1.9865900826054732,1.8325108839248352,-0.2134104655326704,1.3928860255167836,2.331771821671935,0.8496374554382766,-0.892307142770562,1.0662790008490166,0.6968868448747373,0.04188914882952711,0.6906718384792647,-1.9317152812776712,0.09809839851278923,-0.2051411384495402
0.06710807535892781,-0.6541019026009134,4.837766013349634,1.271485388619498,0.7720662176229464,-0.11900055771972633,0.8303297035045727,-0.809218613567096,0.12905689531086548,-1.566843432232082,-0.15856125567299895,-0.454274348702221,2.4246867781548853,1.3750244353392564,-1.0204065204977755,-0.09160735004328545,0.14226777223883685,0.9509082913402085,-1.3027232454371127,-0.7151759977253783,-0.3966303118336512,0.5324941333552743,0.8514315110417404,-1.9348943293315557,0.6254036756880408,0.08363085525398331,-0.4831088246317457,1.533126071424282,-0.6814597661228702,-1.6619743124367674
-2.376641234263495,0.8621016600099097,1.0199842916095583,0.8666511534271225,0.1775129125301466,0.7006143333364323,-0.16137002900512204,-0.7617067292911724,2.251081912626426,1.0982824383709437,-1.4039561766316244,-1.1121050459313209,-1.004547504747659,-0.3858692970887471,1.058273053292295,0.0786651855711598,-0.14506219833078815,0.857791050619136,0.35605557026798795,-0.7465915578774794,-0.3290373989340846,-0.12179544804229309,0.2895704929480433,1.761598169069105,0.6088079927581918,1.923061090981935,0.3410420834333686,0.8780097854756378,-1.1802107937603312,1.0906626592407633
