0.980870611683153,0.0208935088902321,-0.018459057596772,0.0196896102493412,-0.0176979389234314,0.0184603817785946,-0.0168713588497049,0.0172255481599767,-0.0160008497779354,0.016001325831516,-0.015104577493318,0.0148008605593346,-0.0141977318798768,0.0136346232107398,-0.0132928827774367,0.0125107664761144,-0.0124003030019806,0.0114354452648419,-0.0115282605802307,0.0104131034490101,-0.0106832822482185,0.00944672955402814,-0.0098703902383037,0.00853808390264834,-0.00909331433420066,0.00768789961256354,-0.00835468111312289,0.00689605973152939,-0.00765618222165049,0.00616175267101913,-0.00699872345040063,0.00548360797246544,-0.00638255628461342,0.0048598143114412,-0.00580739351556612,0.0042882215165539,-0.00527251040315262,0.00376642825291296,-0.00477683278456905,0.00329185689601538,-0.00431901342911594,0.00286181700176133,-0.00389749784571443,0.00247355866281541,-0.00351058065868032,0.00212431693123353,-0.00315645357927255,0.00181134838257991,-0.00283324591603983,0.00153196079792144,-0.00253905848640717,0.00128353684724963,-0.00227199171553415,0.00106355257108572,-0.00203016863640463,0.000869591376235591,-0.00181175343745518,0.000699354186772322,-0.00161496614083446,0.000550666322179626
0.0208935088902321,0.968247986849003,0.0209936889341842,-0.0308469905267457,0.020810150707326,-0.0297342517243687,0.0203965271617945,-0.028464588201926,0.019799589632309,-0.0270815428352677,0.0190599136720527,-0.0256221885789896,0.0182125005239025,-0.0241178452216068,0.0172873546246506,-0.0225947366978922,0.0163100180086008,-0.021074591699389,0.0153020628498508,-0.0195751905186097,0.0142815436725461,-0.0181108611860947,0.013263410976897,-0.0166929280236262,0.0122598881861161,-0.0153301157514514,0.0112808139248095,-0.014028912261134,0.0103339517009065,-0.0127938931063266,0.00942526908813524,-0.0116280106780208,0.00855918850068852,-0.0105328509245157,0.00773881162164649,-0.00950886035444788,0.00696611949677865,-0.00855554592805024,0.00624215023975965,-0.00767165030100832,0.00556715621724374,-0.00685530473994737,0.00494074249578302,-0.00610416188130103,0.0043619882399121,-0.00541551035822445,0.00382955265412062,-0.00478637317507368,0.00334176696279435,-0.00421359156719252,0.00289671382310444,-0.00369389594644516,0.00249229546756229,-0.00322396540096739,0.00212629177658752,-0.00280047709162229,0.0017964093877976,-0.00242014676808906,0.0015003228584719,-0.00207976151467927
-0.018459057596772,0.0209936889341842,0.981690609385007,0.0198320320239108,-0.0176577975995971,0.0186764346540666,-0.0169217638811326,0.0174990833597848,-0.0161251670862321,0.0163184277842802,-0.0152882925490552,0.0151496115342051,-0.0144282395743421,0.0140048862781913,-0.0135592925270786,0.0128939861133146,-0.01269325864902,0.0118244648340967,-0.0118397745575197,0.0108019987128344,-0.0110065834041651,0.00983065734725938,-0.0101997846653122,0.0089131450572967,-0.00942405850869099,0.0080510152217699,-0.00868286663419363,0.00724485984240709,-0.00797863142654416,0.00649447650996045,-0.00731289518606692,0.00579901482865402,-0.00668646112406021,0.00515710423305444,-0.00609951772375791,0.00456696500792932,-0.00555174797859009,0.00402650419847287,-0.0050424249281672,0.00353339797686639,-0.00457049482056205,0.00308516191265583,-0.00413464913824636,0.00267921047977843,-0.00373338663542906,0.00231290702295152,-0.00336506644732328,0.00198360530106852,-0.003027953247651,0.0016886836255909,-0.00272025534994609,0.0014255725179128,-0.0024401565712796,0.00119177672142842,-0.00218584260414144,0.000984892321580173,-0.00195552257351433,0.000802619650463167,-0.00174744639173794,0.000642772581500191
0.0196896102493412,-0.0308469905267458,0.0198320320239108,0.969653338595893,0.019953943728684,-0.0295031085162044,0.0198009295257713,-0.028457025523275,0.0194246642949129,-0.0272574604802493,0.0188702313598389,-0.025946485633425,0.01817676013459,-0.0245599447085683,0.017378021549343,-0.0231281410244,0.0165029815834091,-0.0216764687492784,0.0155763136891683,-0.020225989891743,0.0146188712542923,-0.0187939598076349,0.0136481215330399,-0.0173943041300251,0.0126785426917725,-0.0160380500940431,0.0117219857690473,-0.0147337152465124,0.0107880034555416,-0.0134876565085399,0.00988414766149882,-0.0123043825052782,0.0090162378663109,-0.0111868319974579,0.00818860224237271,-0.0101366211495724,0.0074042935188455,-0.00915426225464233,0.00666528150511986,-0.00823935640943138,0.00597262413265905,-0.00739076250037685,0.00532661880104754,-0.00660674472232017,0.00472693573249214,-0.00588510071188017,0.00417273495130993,-0.00522327223708795,0.00366276841327769,-0.00461844024639308,0.00319546871594989,-0.00406760594473352,0.00276902572671342,-0.00356765943312425,0.00238145237169406,-0.00311543732200156,0.00203064073669005,-0.00270777060799036,0.00171440954189671,-0.00234152398928523
-0.0176979389234314,0.020810150707326,-0.0176577975995971,0.0199539437286841,0.982473763504742,0.0188393991851944,-0.0168989980353963,0.0177344533248669,-0.0161921450807333,0.0166100392857874,-0.015428330740188,0.0154835517899241,-0.0146267929451465,0.0143692549817561,-0.0138037414830963,0.0132786755342269,-0.0129727114092135,0.0122209579363071,-0.0121448846710652,0.0112031844830304,-0.0113293818304502,0.01023066246171,-0.0105335257841494,0.0093071809755733,-0.00976307937732606,0.00843523977346017,-0.00902245877421488,0.00761625236604059,-0.0083149244046681,0.00685072560908553,-0.00764275124567992,0.00613841782601077,-0.00700738012727382,0.00547847742802499,-0.00640955167479144,0.00486956387314201,-0.00584942441694242,0.00430995268705188,-0.00532667850290361,0.0037976261510377,-0.00484060638392637,0.00333035114611858,-0.00439019172668115,0.00290574552947635,-0.00397417773806562,0.00252133430983385,-0.00359112599533698,0.00217459678345004,-0.00323946679193199,0.00186300569226201,-0.00291754192878178,0.00158405937077153,-0.00262364080374519,0.00133530775875804,-0.00235603057829169,0.00111437307290591,-0.00211298113097722,0.000918965851985996,-0.00189278544170374,0.000746897017278642
0.0184603817785946,-0.0297342517243687,0.0186764346540666,-0.0295031085162044,0.0188393991851944,0.970938631639295,0.0189902915651143,-0.0282813986771836,0.0188728204488266,-0.0273022216935158,0.0185370436756553,-0.0261714752668163,0.0180266590368409,-0.0249300526566536,0.0173796170109528,-0.0236128224009821,0.0166286932602908,-0.0222492914903318,0.0158020211374064,-0.0208642140145905,0.0149235848979653,-0.0194781477271698,0.0140136746734503,-0.0181079611632102,0.0130893045366141,-0.016767294073611,0.0121645952048506,-0.0154669740056137,0.0112511230813602,-0.0142153918827253,0.0103582374396933,-0.013018839420149,0.00949334762157509,-0.0118818111637808,0.00866218214756904,-0.0108072738675055,0.00786902164105795,-0.00979690583043439,0.00711690744342053,-0.0088513087075634,0.00640782775670141,-0.00797019418814867,0.00574288309347416,-0.00715254780931653,0.00512243274539887,-0.00639677204097669,0.00454622390512101,-0.00570081064442469,0.0040135049931625,-0.00506225617313227,0.00352312465445013,-0.00447844235179994,0.00307361779990808,-0.00394652294012749,0.00266327997860496,-0.00346353856201632,0.00229023127652719,-0.00302647285988094,0.00195247085015085,-0.00263229921803626
-0.0168713588497049,0.0203965271617945,-0.0169217638811326,0.0198009295257713,-0.0168989980353963,0.0189902915651143,0.983209097219086,0.0179247804836709,-0.0161918372627976,0.0168711123536113,-0.0155166733843089,0.015799193113334,-0.0147870453920267,0.0147255609011905,-0.014021325781277,0.0136637734984022,-0.0132349951650827,0.0126247828967705,-0.0124409799624349,0.0116172737952939,-0.0116499596720528,0.0106479684350565,-0.0108706455424287,0.00972190015485457,-0.0101100324641149,0.00884265799911967,-0.00937362590098925,0.00801260463972627,-0.00866564564809234,0.00723306978851871,-0.00798920815846609,0.00650452118155511,-0.00734648912364252,0.00582671511230204,-0.00673886792496955,0.00519882838201121,-0.00616705549835509,0.00461957342353427,-0.00563120707542235,0.00408729824177663,-0.0051310211813391,0.00360007270142109,-0.00466582618525682,0.00315576258174389,-0.00423465561466212,0.00275209271032478,-0.00383631336106505,0.00238670038302478,-0.00346942982219118,0.00205718017738788,-0.00313250994589544,0.00176112117107211,-0.00282397406391565,0.00149613748634619,-0.00254219232973974,0.00125989299629925,-0.00228551350457092,0.00105012094830515,-0.00205228876883883,0.00086463918547477
0.0172255481599767,-0.028464588201926,0.0174990833597848,-0.028457025523275,0.0177344533248669,-0.0282813986771836,0.0179247804836709,0.972100048230229,0.0181092958745059,-0.0271834599731205,0.0180301688332676,-0.0262696018853657,0.0177361380923547,-0.0252048917972423,0.0172697788688236,-0.0240292933925812,0.0166680938018547,-0.0227769159017027,0.0159630654584657,-0.0214766557671381,0.015182170573746,-0.0201527858575895,0.0143488566329271,-0.0188254945362634,0.0134829817560132,-0.0175113770830822,0.012601219123066,-0.0162238820983015,0.0117174273899829,-0.0149737155880128,0.0108429887000537,-0.0137692054589281,0.0099871160040544,-0.0126166291387365,0.00915713146852325,-0.0115205069961836,0.00835871778473354,-0.0104838641679782,0.0075961441954842,-0.00950846331298447,0.00687246903826923,-0.00859501071252095,0.00618972056608215,-0.00774333802288253,0.00554905775493041,-0.00695256186581995,0.00495091274341614,-0.00622122331748743,0.0043951164773612,-0.00554740922870936,0.00388100905387695,-0.00492885718131005,0.0034075361765909,-0.00436304575833577,0.00297333304870686,-0.00384727168160347,0.00257679694465906,-0.00337871524919343,0.00221614961554111,-0.00295449538908538
-0.0160008497779354,0.0197995896323089,-0.0161251670862321,0.0194246642949129,-0.0161921450807333,0.0188728204488267,-0.0161918372627976,0.0181092958745059,0.983889249033111,0.0170930799028579,-0.015542096552896,0.0160898968279032,-0.0148997630075782,0.0150688253570288,-0.0142045495487958,0.0140457212884413,-0.0134741249971668,0.0130335870864892,-0.0127233824982475,0.0120429302645617,-0.011964763384869,0.0110820872724661,-0.0112085518755018,0.0101575151906497,-0.0104631423466276,0.00927405350821555,-0.00973528093107879,0.00843515821326642,-0.00903028318501869,0.00764311035743494,-0.00835222953793958,0.00689920117561593,-0.00770414019647914,0.00620389575044948,-0.00708813111724381,0.00555697711203048,-0.00650555259899154,0.00495767255921573,-0.00595711197288291,0.00440476388193258,-0.00544298179312726,0.00389668305587578,-0.00496289485098499,0.00343159487340866,-0.00451622725421366,0.00300746786858668,-0.00410207073289789,0.00262213479097415,-0.00371929525219397,0.00227334378310415,-0.00336660293367417,0.00195880132062723,-0.0030425742103331,0.00167620788284419,-0.00274570706643044,0.00142328723472411,-0.00247445014258379,0.001197810119864,-0.00222723041917237,0.000997613087246132
0.016001325831516,-0.0270815428352677,0.0163184277842802,-0.0272574604802493,0.0166100392857874,-0.0273022216935158,0.0168711123536113,-0.0271834599731206,0.0170930799028579,0.973138088680919,0.0173137159668699,-0.0262070780669241,0.0172739411660415,-0.025355574243474,0.0170214314233236,-0.0243530331740202,0.0165978644457049,-0.0232386987445845,0.0160394917619331,-0.0220461012098304,0.0153776739574037,-0.020803680475396,0.0146393791887194,-0.0195353587596573,0.0138476454977663,-0.018261064811548,0.0130220077965961,-0.0169972120571314,0.0121788906712582,-0.0157571331794135,0.0113319683651434,-0.0145514737134066,0.0104924934594863,-0.0133885472705647,0.009669595878559,-0.0122746550012343,0.00887055391699147,-0.0112143718675417,0.00810103902299376,-0.0102108022381835,0.0073653360796674,-0.00926580723608872,0.00666654091206352,-0.00838020617441041,0.0060067367145053,-0.00755395430963587,0.00538715104473827,-0.00678629902610329,0.00480829497197745,-0.00607591644668039,0.00427008589771301,-0.00542103034216089,0.00377195549363557,-0.00481951508903555,0.00331294412230403,-0.00426898430331592,0.00289178302494024,-0.00376686665834902,0.00250696547844671,-0.00331047027811054
-0.015104577493318,0.0190599136720527,-0.0152882925490552,0.0188702313598389,-0.015428330740188,0.0185370436756553,-0.0155166733843089,0.0180301688332676,-0.015542096552896,0.0173137159668699,0.984509992490768,0.0163457239263015,-0.014952675271494,0.0153911240722465,-0.0143431890171425,0.0144183409174684,-0.0136816738729089,0.0134426977056655,-0.0129852357977524,0.0124767704975161,-0.0122683030788167,0.0115307325712207,-0.0115429381629755,0.01061266573223,-0.010819121450363,0.00972884073369922,-0.0101050087172277,0.00888396898615783,-0.00940716384935317,0.00808142768960371,-0.0087307685587884,0.00732346045827892,-0.00807981072983442,0.00661135543170954,-0.00745725299872084,0.00594560277860012,-0.00686518311828849,0.0053260334057756,-0.00630494759698281,0.00475194058504177,-0.00577727003287514,0.00422218610868007,-0.00528235549025624,0.00373529248105192,-0.00481998219027788,0.00328952255090909,-0.00438958170957237,0.00288294788767171,-0.00399030880294475,0.00251350710609177,-0.00362110188908337,0.00217905524811833,-0.00328073516256571,0.00187740523899255,-0.00296786322188399,0.00160636234705166,-0.00268105903227337,0.00136375249370687,-0.00241884597417258,0.00114744518176889
0.0148008605593346,-0.0256221885789895,0.0151496115342051,-0.025946485633425,0.0154835517899241,-0.0261714752668163,0.015799193113334,-0.0262696018853657,0.0160898968279032,-0.0262070780669241,0.0163457239263015,0.974056559624599,0.0166032725166922,-0.0253471877870539,0.0166024622413708,-0.024554103843676,0.016390123611441,-0.0236091431456592,0.0160072267114805,-0.0225510034681282,0.0154894369913785,-0.0214127842679864,0.0148676357077232,-0.0202225943876999,0.0141684050151868,-0.0190041107391445,0.0134144781438135,-0.017777090024979,0.0126251554490512,-0.0165578357545992,0.0118166873988274,-0.015359622947799,0.0110026257759095,-0.0141930830016572,0.010194144533127,-0.0130665512335556,0.00940033185173434,-0.0119863796133163,0.00862845502635347,-0.0109572171669378,0.00788419983983352,-0.00998226047923024,0.00717188610356528,-0.00906347664791272,0.00649466102816076,-0.00820180095188677,0.00585467206024042,-0.00739731139526759,0.00525322077708068,-0.00664938217959714,0.0046908993752988,-0.00595681804226586,0.00416771122537511,-0.00531797128186563,0.00368317689302247,-0.00473084317293929,0.00323642695324469,-0.00419317135499053,0.00282628284509542,-0.00370250466498483
-0.0141977318798768,0.0182125005239025,-0.0144282395743421,0.0181767601345901,-0.0146267929451465,0.0180266590368409,-0.0147870453920267,0.0177361380923547,-0.0148997630075782,0.0172739411660415,-0.014952675271494,0.0166032725166922,0.985069706215495,0.0156814159900884,-0.0144241264873911,0.0147726799304549,-0.0138466210345308,0.0138449815633096,-0.0132173668120412,0.0129132378453497,-0.0125530272481365,0.0119897062537341,-0.0118676698721559,0.0110843172250206,-0.0111730677789524,0.0102049747426922,-0.0104789740580074,0.00935782718129809,-0.00979337078749274,0.00854751049514464,-0.00912269420813523,0.00777736579772005,-0.00847203768465265,0.00704963331903679,-0.00784533403768262,0.00636562465564427,-0.0072455187899728,0.00572587514551004,-0.00667467582016082,0.00513027811010884,-0.00613416685835616,0.00457820261130556,-0.00562474619219343,0.00406859627299925,-0.00514666188198166,0.00360007461870993,-0.00469974471066339,0.00317099827774619,-0.00428348601989635,0.00277953931544004,-0.00389710550883038,0.00242373784809992,-0.00353960999801957,0.00210155001154735,-0.00320984408815841,0.00181088826392749,-0.00290653357257489,0.00154965491933618,-0.00262832239414074,0.0013157697289801
0.0136346232107398,-0.0241178452216068,0.0140048862781913,-0.0245599447085683,0.0143692549817561,-0.0249300526566536,0.0147255609011904,-0.0252048917972423,0.0150688253570288,-0.025355574243474,0.0153911240722465,-0.0253471877870538,0.0156814159900884,0.974861672078188,0.0159753610177599,-0.0245967145421227,0.0160120863035622,-0.0238574943227171,0.0158377589302966,-0.0229651092802445,0.0154927994107282,-0.0219578526850841,0.0150124236289809,-0.0208685129762981,0.0144271507136153,-0.0197249683717597,0.01376327676442,-0.0185507338453285,0.0130433147899053,-0.0173654624203593,0.0122864015639681,-0.0161854029324109,0.0115086723890618,-0.0150238165546398,0.0107236049692372,-0.0138913544666796,0.00994233375837951,-0.0127963990903916,0.0091739362647024,-0.0117453713212884,0.00842569286904474,-0.0107430061593332,0.00770332175794608,-0.00979259909301124,0.00701119058832585,-0.00889622552113927,0.0063525064936742,-0.00805493541220242,0.00572948601619945,-0.00726892530487545,0.00514350650905228,-0.00653768964903334,0.00459524050075089,-0.00586015337673885,0.00408477445302636,-0.00523478747973517,0.00361171327585535,-0.00465970925581018,0.00317527189146791,-0.00413276877264253
-0.0132928827774367,0.0172873546246506,-0.0135592925270786,0.017378021549343,-0.0138037414830963,0.0173796170109529,-0.014021325781277,0.0172697788688236,-0.0142045495487958,0.0170214314233236,-0.0143431890171425,0.0166024622413708,-0.0144241264873911,0.0159753610177599,0.98556884638071,0.0150968218624455,-0.0139551714456195,0.0142306728419331,-0.0134081207302007,0.0133444464372719,-0.0128091721032728,0.0124527578225172,-0.0121746475619126,0.0115676343443839,-0.0115183407297734,0.010698837822923,-0.0108518094695748,0.00985415608383191,-0.0101846423443572,0.00903966574488437,-0.00952470046504452,0.00825996826220683,-0.00887833627781932,0.00751840120409836,-0.00825059083956104,0.006817226665097,-0.00764537110697303,0.00615779866475105,-0.00706560872839321,0.00554071129728458,-0.00651340177957375,0.00496592931280001,-0.00599014082847205,0.00443290272019171,-0.00549662065150304,0.00394066690853295,-0.005033138856639,0.00348792968900785,-0.00459958259880128,0.00307314656486822,-0.00419550450150882,0.00269458544352924,-0.00382018882685822,0.00235038191368963,-0.00347270886453118,0.0020385861219887,-0.00315197644041657,0.00175720219875247,-0.00285678437719925,0.00150422110124561
0.0125107664761143,-0.0225947366978922,0.0128939861133146,-0.0231281410244,0.0132786755342269,-0.0236128224009821,0.0136637734984022,-0.0240292933925813,0.0140457212884413,-0.0243530331740202,0.0144183409174683,-0.024554103843676,0.0147726799304549,-0.0245967145421226,0.0150968218624455,0.975561266780588,0.0154256870761048,-0.0239472848982148,0.0154977835297032,-0.0232570373345803,0.0153587652950662,-0.022412054469923,0.0150486331431504,-0.0214503387357548,0.0146022647698713,-0.0204044627580939,0.0140499120749982,-0.0193021530498079,0.0134176653427183,-0.0181668272620127,0.0127278846079229,-0.0170180868467673,0.0119995988450399,-0.0158721671911104,0.0112488738970378,-0.0147423474276794,0.0104891502806888,-0.0136393222193011,0.00973155216895426,-0.0125715378624986,0.00898516897018073,-0.0115454950652982,0.00825731100356342,-0.010566020734633,0.00755374081715671,-0.00963651106377099,0.00687888171401238,-0.00875914814557953,0.00623600504855729,-0.00793509225742356,0.00562739783326979,-0.0071646518718338,0.00505451215872284,-0.00644743334699961,0.00451809788129841,-0.00578247214536965,0.00401831997508081,-0.00516834731950143,0.0035548618799555,-0.00460328089372127
-0.0124003030019807,0.0163100180086008,-0.01269325864902,0.0165029815834091,-0.0129727114092135,0.0166286932602909,-0.0132349951650827,0.0166680938018547,-0.0134741249971668,0.0165978644457049,-0.0136816738729088,0.0163901236114409,-0.0138466210345308,0.0160120863035622,-0.0139551714456195,0.0154256870761048,0.986009454273243,0.0145871678667713,-0.0135431679337525,0.0137599944436602,-0.0130245847439823,0.012911415040888,-0.0124536454283347,0.0120558280008861,-0.0118464141380152,0.0112051017191336,-0.011216481841121,0.0103688884281659,-0.0105752514429065,0.00955490815108701,-0.00993219752687969,0.00876920476981332,-0.00929510219664206,0.00801637614000653,-0.00867026851605422,0.00729978015038994,-0.00806271304214319,0.00662171857307414,-0.00747633892490656,0.00598360048730183,-0.00691409101410066,0.00538608698480148,-0.00637809436808713,0.00482921878341891,-0.00586977750633927,0.00431252828918003,-0.00538998168741715,0.00383513755737394,-0.00493905742994537,0.0033958435122683,-0.0045169494269296,0.00299319169403641,-0.00412327093494672,0.00262553971149794,-0.00375736865043958,0.00229111149125591,-0.00341837901645322,0.00198804332846036,-0.00310527683540809,0.00171442266230086
0.0114354452648419,-0.021074591699389,0.0118244648340967,-0.0216764687492784,0.0122209579363071,-0.0222492914903318,0.0126247828967705,-0.0227769159017027,0.0130335870864892,-0.0232386987445845,0.0134426977056655,-0.0236091431456592,0.0138449815633096,-0.0238574943227171,0.0142306728419331,-0.0239472848982148,0.0145871678667713,0.976164170448985,0.0149488115497822,-0.0233898077564418,0.0150536350009947,-0.0227435354175003,0.0149469020636787,-0.0219408056816787,0.0146682990250292,-0.0210194199066165,0.0142524550074261,-0.0200118092253372,0.0137294303850485,-0.0189456092058565,0.013125173006848,-0.0178441890862753,0.0124619424435197,-0.0167271373514869,0.0117587028306644,-0.0156107056296761,0.0110314851633808,-0.0145082130364588,0.0102937201185924,-0.013430413191261,0.00955654264904938,-0.0123858261827522,0.00882906971480815,-0.0113810377752322,0.00811865260090375,-0.0104209681323593,0.00743110531995221,-0.0095091122942072,0.00677091062091376,-0.00864775458334361,0.00614140512494294,-0.00783815903975812,0.00554494509028844,-0.00708073789676732,0.00498305427421123,-0.00637520001369629,0.00445655531400967,-0.00572068107890783,0.00396568599419796,-0.00511585729093085
-0.0115282605802307,0.0153020628498508,-0.0118397745575197,0.0155763136891683,-0.0121448846710652,0.0158020211374064,-0.0124409799624349,0.0159630654584657,-0.0127233824982475,0.0160394917619331,-0.0129852357977524,0.0160072267114805,-0.0132173668120413,0.0158377589302965,-0.0134081207302007,0.0154977835297032,-0.0135431679337525,0.0149488115497822,0.986394717515005,0.0141467455402783,-0.0131845194534446,0.0133547849443002,-0.0126921245933269,0.0125399747806232,-0.0121467056950458,0.0117165643629324,-0.0115641370843974,0.0108963192741581,-0.0109578645487992,0.0100888280575681,-0.0103391841694248,0.00930177988258595,-0.00971749644249701,0.00854121506156801,-0.00910053711736088,0.00781175028401494,-0.00849458619857868,0.00711678040410457,-0.00790465655832648,0.00645865857012696,-0.00733466358750756,0.00583885642397422,-0.00678757728244837,0.00525810602837982,-0.00626555812161968,0.00471652510177958,-0.00577007803596951,0.00421372705774797,-0.00530202771926836,0.00374891725987246,-0.00486181146315903,0.00332097681528063,-0.00444943063690823,0.00292853514217109,-0.00406455686547593,0.00257003245972422,-0.00370659589253697,0.00224377326357433,-0.00337474304840998,0.00194797176732313
0.0104131034490101,-0.0195751905186097,0.0108019987128345,-0.020225989891743,0.0112031844830304,-0.0208642140145905,0.0116172737952939,-0.0214766557671382,0.0120429302645617,-0.0220461012098304,0.0124767704975161,-0.0225510034681283,0.0129132378453497,-0.0229651092802445,0.0133444464372719,-0.0232570373345803,0.0137599944436602,-0.0233898077564418,0.0141467455402784,0.976679677595318,0.0145386031898769,-0.0229149346371041,0.0146732371756197,-0.0223077092558681,0.0145956200819616,-0.0215422528366338,0.0143452079123321,-0.0206562353158035,0.0139564522858924,-0.0196820032002601,0.0134592814957421,-0.0186471468112428,0.0128795501482586,-0.0175750229639048,0.0122394575415209,-0.0164852347730318,0.0115579352973908,-0.0153940704915731,0.0108510050472679,-0.014314903442562,0.010132107195233,-0.0132585552060505,0.00941240195273542,-0.012233624279189,0.00870104396374024,-0.0112467824468951,0.00800543192511628,-0.0103030410891682,0.00733143466001554,-0.00940598961470043,0.00668359512740967,-0.00855800815397457,0.00606531385349655,-0.00776045657283076,0.00547901325449528,-0.00701384178325722,0.00492628428901709,-0.00631796523510278,0.00440801683486448,-0.00567205237325363
-0.0106832822482185,0.0142815436725461,-0.0110065834041651,0.0146188712542924,-0.0113293818304502,0.0149235848979653,-0.0116499596720528,0.015182170573746,-0.011964763384869,0.0153776739574037,-0.0122683030788167,0.0154894369913784,-0.0125530272481365,0.0154927994107282,-0.0128091721032727,0.0153587652950662,-0.0130245847439823,0.0150536350009947,-0.0131845194534446,0.0145386031898769,0.986728593546917,0.0137693241042119,-0.0128750203733952,0.0130088076802101,-0.0124063819029859,0.012223959918423,-0.0118839218870815,0.0114289341785112,-0.0113233792975157,0.010635436546316,-0.0107381003022401,0.00985302666762304,-0.0101393118630849,0.0090893902423449,-0.00953637119634921,0.00835058499438215,-0.00893699247697766,0.00764126192608878,-0.0083474521887496,0.00696486363917484,-0.0077727745241771,0.00632380146010266,-0.00721689822228368,0.00571961305110538,-0.00668282620329697,0.00515310212094175,-0.00617275931930157,0.00462446177502725,-0.00568821549146643,0.00413338296489726,-0.00523013544966622,0.00367914941396585,-0.004798976230936,0.00326072031184787,-0.00439479353075714,0.00287680198444199,-0.00401731393695304,0.00252590966262999,-0.00366599801105381,0.00220642038971951
0.00944672955402816,-0.0181108611860946,0.00983065734725939,-0.0187939598076349,0.01023066246171,-0.0194781477271698,0.0106479684350565,-0.0201527858575894,0.0110820872724661,-0.020803680475396,0.0115307325712207,-0.0214127842679864,0.0119897062537341,-0.0219578526850841,0.0124527578225172,-0.022412054469923,0.012911415040888,-0.0227435354175003,0.0133547849443002,-0.022914934637104,0.0137693241042118,0.977117147104202,0.0141886027074224,-0.022513411617449,0.0143500218294137,-0.0219405031650974,0.01429834154002,-0.0212076125285847,0.0140728539730466,-0.0203523312123926,0.0137078887447169,-0.0194069636115297,0.0132332879469182,-0.0183990882138787,0.0126748503800181,-0.0173520749609037,0.0120547451301888,-0.0162855603913509,0.0113918949549925,-0.0152158824126542,0.0107023302288456,-0.014156476702637,0.00999951442625486,-0.0131182368490994,0.00929464229382015,-0.0121098403952715,0.00859691198947591,-0.0111380429822246,0.00791377255601799,-0.0102079427716206,0.00725114815161934,-0.00932321729930238,0.00661364048807711,-0.00848633485713427,0.00600471093262762,-0.00769874243149047,0.00542684371542317,-0.00696103214557391,0.00488169165577395,-0.00627308806252009
-0.00987039023830368,0.013263410976897,-0.0101997846653122,0.0136481215330399,-0.0105335257841494,0.0140136746734503,-0.0108706455424287,0.0143488566329271,-0.0112085518755018,0.0146393791887194,-0.0115429381629755,0.0148676357077232,-0.0118676698721559,0.0150124236289809,-0.0121746475619126,0.0150486331431504,-0.0124536454283347,0.0149469020636787,-0.0126921245933268,0.0146732371756197,-0.0128750203733951,0.0141886027074224,0.987015497176974,0.0134484770095065,-0.0126101377609248,0.012715740958674,-0.0121627816934437,0.0119572114432292,-0.0116607398584858,0.0111869865300122,-0.0111196587644126,0.0104167453991389,-0.0105528204055021,0.00965604438127626,-0.00997141153756962,0.00891258523465187,-0.00938476930488426,0.0081924574236974,-0.00880060455759341,0.00750035615813392,-0.00822520422260405,0.00683977792748609,-0.007663614094307,0.0062131952254804,-0.00711980339824169,0.00562221210504525,-0.00659681245391679,0.00506770214072198,-0.00609688472526248,0.00454993030381931,-0.00562158450097436,0.00406866017883254,-0.00517190139437227,0.00362324786939368,-0.00474834279510621,0.0032127238599124,-0.00435101534460449,0.00283586401643971,-0.00397969644485099,0.00249125082822925
0.00853808390264836,-0.0166929280236262,0.0089131450572967,-0.0173943041300251,0.00930718097557331,-0.0181079611632102,0.00972190015485459,-0.0188254945362634,0.0101575151906497,-0.0195353587596573,0.01061266573223,-0.0202225943876999,0.0110843172250206,-0.0208685129762981,0.0115676343443839,-0.0214503387357548,0.0120558280008861,-0.0219408056816787,0.0125399747806232,-0.0223077092558681,0.0130088076802101,-0.022513411617449,0.0134484770095065,0.977485699896261,0.0138923059738224,-0.0221763373589298,0.0140775002616645,-0.0216333036833982,0.0140486692234595,-0.0209286116527368,0.0138449927202919,-0.0200998137312613,0.0135007209758417,-0.0191792031006721,0.0130456446071628,-0.0181943699784092,0.0125055344504742,-0.0171687146972015,0.0119025512403064,-0.0161219191136262,0.0112556255613814,-0.0150703781371964,0.0105808087828209,-0.014027593332991,0.00989159591299453,-0.0130045306594058,0.00919922148890858,-0.0120099444664731,0.0085129297439952,-0.0110506699066848,0.0078402203891992,-0.0101318859057705,0.00718707140032175,-0.00925735081109958,0.00655814023495388,-0.00842961278521023,0.00595694490967432,-0.00765019694572113,0.00538602635658957,-0.00691977117426189
-0.00909331433420067,0.0122598881861161,-0.00942405850869098,0.0126785426917725,-0.00976307937732606,0.0130893045366141,-0.0101100324641149,0.0134829817560132,-0.0104631423466276,0.0138476454977663,-0.010819121450363,0.0141684050151868,-0.0111730677789524,0.0144271507136154,-0.0115183407297734,0.0146022647698713,-0.0118464141380152,0.0146682990250292,-0.0121467056950458,0.0145956200819616,-0.0124063819029859,0.0143500218294137,-0.0126101377609248,0.0138923059738224,0.987260049566227,0.013177831599411,-0.0123852340678305,0.0124693972137668,-0.011956729123106,0.0117337685738723,-0.0114726554018524,0.0109850188362074,-0.0109486001049129,0.0102348240617227,-0.0103978080557761,0.00949275535831924,-0.00983144743583895,0.00876654374876111,-0.00925885228365555,0.00806231947964682,-0.00868774306093329,0.00738482748698876,-0.00812442661377719,0.00673762071312723,-0.00757397686318369,0.00612323293211845,-0.00704039754757873,0.00554333268986699,-0.00652676831538901,0.00499885990413058,-0.00603537542993986,0.00449014660070255,-0.00556782830475137,0.00401702318779228,-0.00512516303659537,0.00357891159276085,-0.00470793404823568,0.00317490650551675,-0.00431629489410167,0.0028038458923596
0.00768789961256354,-0.0153301157514514,0.0080510152217699,-0.0160380500940431,0.00843523977346017,-0.016767294073611,0.00884265799911968,-0.0175113770830822,0.00927405350821556,-0.018261064811548,0.00972884073369924,-0.0190041107391445,0.0102049747426922,-0.0197249683717597,0.010698837822923,-0.0204044627580939,0.0112051017191336,-0.0210194199066165,0.0117165643629324,-0.0215422528366338,0.0122239599184231,-0.0219405031650974,0.012715740958674,-0.0221763373589298,0.013177831599411,0.977794002917525,0.0136433760537928,-0.0218953420696668,0.0138494418860547,-0.0213780860071986,0.0138405355014497,-0.0206976054136348,0.0136557639043193,-0.019891442177868,0.0133293300115147,-0.0189918999192182,0.0128909986524148,-0.0180265963885117,0.0123665328291485,-0.0170189731297127,0.0117781002548193,-0.0159887639212965,0.0111446505507135,-0.0149524237435631,0.0104822637759174,-0.0139235201828416,0.00980447119375408,-0.012913089295279,0.00912254935730681,-0.0119299580198572,0.0084457887285036,-0.0109810352597218,0.00778173813847117,-0.0100715737492514,0.00713642645706145,-0.00920540479718637,0.0065145628718803,-0.00838514794849897,0.00591971718645054,-0.00761239754381146
-0.00835468111312288,0.0112808139248095,-0.00868286663419363,0.0117219857690473,-0.00902245877421488,0.0121645952048506,-0.00937362590098926,0.012601219123066,-0.00973528093107879,0.0130220077965961,-0.0101050087172277,0.0134144781438136,-0.0104789740580074,0.01376327676442,-0.0108518094695748,0.0140499120749982,-0.011216481841121,0.0142524550074261,-0.0115641370843974,0.0143452079123321,-0.0118839218870815,0.01429834154002,-0.0121627816934437,0.0140775002616645,-0.0123852340678305,0.0136433760537928,0.987466883348675,0.0129512522097088,-0.0121957368349335,0.0122638801799775,-0.0117837564790317,0.0115480027839795,-0.011315340819053,0.0108176902855743,-0.0108060428507135,0.0100846323156742,-0.0102690902977815,0.00935842687904361,-0.00971564847061463,0.00864684249069721,-0.00915506023472093,0.0079560551177316,-0.00859506436042482,0.0072908616051159,-0.00804199355235396,0.0066548712458457,-0.00750095346487912,0.00605067712091741,-0.00697598400034234,0.00548000878625597,-0.0064702041639817,0.00494386782502581,-0.00598594171560017,0.00444264771725656,-0.00552484881557644,0.00397623940662962,-0.00508800481380894,0.00354412386848147,-0.00467600727636732,0.00314545290516916
0.00689605973152939,-0.014028912261134,0.0072448598424071,-0.0147337152465124,0.00761625236604058,-0.0154669740056137,0.00801260463972627,-0.0162238820983015,0.00843515821326642,-0.0169972120571314,0.00888396898615783,-0.017777090024979,0.00935782718129809,-0.0185507338453285,0.0098541560838319,-0.0193021530498079,0.0103688884281659,-0.0200118092253372,0.0108963192741581,-0.0206562353158035,0.0114289341785112,-0.0212076125285847,0.0119572114432292,-0.0216333036833982,0.0124693972137668,-0.0218953420696668,0.0129512522097088,0.978050124820337,0.0134357945079339,-0.0216627016864506,0.0136599976123696,-0.0211675020945098,0.013668301304817,-0.0205076429921202,0.0134997692668432,-0.0197206755157298,0.013188580719556,-0.0188389281383446,0.0127644931737573,-0.0178900559539743,0.0122532758271728,-0.016897547633416,0.0116771135915925,-0.0158811915292815,0.0110549820979691,-0.0148575026381491,0.0104029943220266,-0.0138401122953618,0.0097347197059798,-0.0128401225925468,0.00906147683186655,-0.0118664275775665,0.00839260083620361,-0.0109260033286289,0.00773568685084834,-0.0100241689950616,0.00709681081701442,-0.00916482087245097,0.00648072905360124,-0.00835064153436773
-0.00765618222165049,0.0103339517009065,-0.00797863142654415,0.0107880034555416,-0.0083149244046681,0.0112511230813602,-0.00866564564809233,0.0117174273899829,-0.00903028318501868,0.0121788906712582,-0.00940716384935318,0.0126251554490513,-0.00979337078749273,0.0130433147899053,-0.0101846423443572,0.0134176653427183,-0.0105752514429065,0.0137294303850485,-0.0109578645487992,0.0139564522858924,-0.0113233792975157,0.0140728539730466,-0.0116607398584858,0.0140486692234594,-0.011956729123106,0.0138494418860547,-0.0121957368349335,0.0134357945079339,0.987640497164896,0.0127629672771437,-0.0120372625093916,0.0120936906356031,-0.011639627730477,0.0113947047578629,-0.011184732400315,0.0106800923447592,-0.0106881138520949,0.009961567673244,-0.010162997182485,0.00924876310072018,-0.00962055579167357,0.00854948903279938,-0.00907014932143491,0.007869968996398,-0.00851954023501535,0.00721505146525105,-0.00797509031202163,0.00658840006922293,-0.00744193834066038,0.00599266378617695,-0.00692416028210231,0.00542962866907719,-0.00642491316049822,0.00490035260442215,-0.00594656389993711,0.00440528453362655,-0.00549080428874651,0.00394436949878145,-0.00505875320401579,0.00351714080021178
0.00616175267101913,-0.0127938931063266,0.00649447650996045,-0.0134876565085399,0.00685072560908553,-0.0142153918827253,0.0072330697885187,-0.0149737155880128,0.00764311035743495,-0.0157571331794135,0.00808142768960372,-0.0165578357545992,0.00854751049514464,-0.0173654624203594,0.00903966574488437,-0.0181668272620127,0.00955490815108701,-0.0189456092058565,0.0100888280575681,-0.0196820032002601,0.010635436546316,-0.0203523312123926,0.0111869865300123,-0.0209286116527368,0.0117337685738723,-0.0213780860071986,0.0122638801799775,-0.0216627016864506,0.0127629672771437,0.978261449595184,0.0132639622966785,-0.0214714004047402,0.0135037780291927,-0.0209949229040202,0.0135268147189999,-0.0203524926466347,0.0133721143494554,-0.0195816831217717,0.0130738493308947,-0.0187148565201602,0.0126617826501827,-0.0177797105595386,0.0121616989868467,-0.0167997833170652,0.0115958067487422,-0.0157949175117916,0.0109831113472814,-0.0147816859129129,0.0103397603286292,-0.0137737797197047,0.00967936121217572,-0.0127823618760389,0.00901327306930663,-0.0118163873543504,0.00835087301146391,-0.0108828924781482,0.00769979885335489,-0.0099872553550371,0.00706616928085425,-0.00913342946936624
-0.00699872345040063,0.00942526908813526,-0.00731289518606692,0.00988414766149882,-0.00764275124567992,0.0103582374396933,-0.0079892081584661,0.0108429887000537,-0.00835222953793958,0.0113319683651434,-0.0087307685587884,0.0118166873988274,-0.00912269420813523,0.0122864015639681,-0.00952470046504451,0.0127278846079229,-0.00993219752687969,0.013125173006848,-0.0103391841694248,0.0134592814957421,-0.0107381003022401,0.0137078887447169,-0.0111196587644126,0.0138449927202919,-0.0114726554018524,0.0138405355014497,-0.0117837564790317,0.0136599976123696,-0.0120372625093916,0.0132639622966786,0.987785152356251,0.0126076506021138,-0.0119057016701113,0.0119537905869009,-0.0115204078864311,0.0112691338033763,-0.0110770859203343,0.0105677854700255,-0.0105912707258257,0.00986149123762877,-0.0100761947996241,0.00915992171457635,-0.00954304686814661,0.00847093072930715,-0.0090012082104671,0.00780078894308949,-0.00845846783773489,0.00715439443373106,-0.00792121778053118,0.00653546185723339,-0.0073946297463744,0.00594669176382945,-0.00688281440354639,0.0053899216006973,-0.00638896452764661,0.00486625987890897,-0.00591548321646861,0.0043762049194234,-0.00546409833925982,0.0039197495243699
0.00548360797246544,-0.0116280106780207,0.00579901482865402,-0.0123043825052782,0.00613841782601078,-0.013018839420149,0.00650452118155511,-0.0137692054589282,0.00689920117561594,-0.0145514737134066,0.00732346045827892,-0.015359622947799,0.00777736579772005,-0.0161854029324109,0.00825996826220683,-0.0170180868467673,0.00876920476981333,-0.0178441890862753,0.00930177988258596,-0.0186471468112428,0.00985302666762304,-0.0194069636115297,0.010416745399139,-0.0200998137312613,0.0109850188362074,-0.0206976054136348,0.0115480027839795,-0.0211675020945098,0.0120936906356031,-0.0214714004047402,0.0126076506021138,0.978434635754345,0.013122759975459,-0.0213151532078794,0.0133758955855303,-0.0208544456670468,0.0134114378746114,-0.0202266363959723,0.0132684225108144,-0.0194693292190604,0.0129810267218884,-0.0186149247416841,0.012579027379729,-0.0176911652524679,0.0120882303135333,-0.0167216379048084,0.0115308707792153,-0.015726237591653,0.0109259853814597,-0.0147215911624562,0.0102897560428488,-0.0137214448036267,0.00963582685103603,-0.012737016522882,0.00897559479824587,-0.0117773157519003,0.00831847556487992,-0.0108494321177734,0.00767214559734332,-0.00995879543840868
-0.00638255628461341,0.00855918850068852,-0.00668646112406021,0.0090162378663109,-0.00700738012727381,0.00949334762157508,-0.00734648912364252,0.0099871160040544,-0.00770414019647913,0.0104924934594863,-0.00807981072983441,0.0110026257759095,-0.00847203768465265,0.0115086723890618,-0.00887833627781933,0.0119995988450399,-0.00929510219664205,0.0124619424435197,-0.009717496442497,0.0128795501482586,-0.0101393118630849,0.0132332879469182,-0.0105528204055021,0.0135007209758417,-0.0109486001049129,0.0136557639043193,-0.0113153408190529,0.013668301304817,-0.011639627730477,0.0135037780291927,-0.0119057016701113,0.013122759975459,0.987904804628583,0.0124804660755267,-0.0117972726794357,0.0118396347787291,-0.0114225039481873,0.0111670381521994,-0.0109890066736351,0.0104768099769083,-0.0105123225667193,0.00978073071480665,-0.010005698085021,0.00908851048397635,-0.00948034165142886,0.00840804599365267,-0.00894565870393694,0.00774565302824648,-0.00840946577732323,0.00710627607880084,-0.00787818484987372,0.00649367670860013,-0.00735701920044924,0.00591060221083994,-0.00685011201649951,0.00535893607379304,-0.00636068897515962,0.00483983171574965,-0.00589118598998477,0.00435383089073553
0.00485981431144119,-0.0105328509245157,0.00515710423305444,-0.0111868319974579,0.00547847742802498,-0.0118818111637807,0.00582671511230205,-0.0126166291387365,0.00620389575044948,-0.0133885472705647,0.00661135543170953,-0.0141930830016571,0.00704963331903678,-0.0150238165546398,0.00751840120409837,-0.0158721671911104,0.00801637614000653,-0.0167271373514868,0.00854121506156801,-0.0175750229639048,0.00908939024234488,-0.0183990882138786,0.00965604438127624,-0.0191792031006721,0.0102348240617227,-0.019891442177868,0.0108176902855743,-0.0205076429921202,0.0113947047578629,-0.0209949229040202,0.0119537905869009,-0.0213151532078794,0.0124804660755267,0.978575610226487,0.0130075759177386,-0.0211883984408984,0.0132719789317498,-0.0207408754640829,0.0133180497242467,-0.0201252428088827,0.0131848281801452,-0.0193791387973927,0.0129065039333814,-0.0185350041014651,0.0125128728247121,-0.0176206251547218,0.012029764801635,-0.0166596360631975,0.0114794431667273,-0.0156719804044702,0.0108809754509776,-0.0146743345420235,0.0102505764882151,-0.0136804942558834,0.00960192450471157,-0.0127017266114749,0.00894645122272114,-0.0117470890643228,0.00829360711554131,-0.010823717835932
-0.00580739351556611,0.00773881162164648,-0.00609951772375791,0.0081886022423727,-0.00640955167479145,0.00866218214756903,-0.00673886792496955,0.00915713146852325,-0.0070881311172438,0.00966959587855899,-0.00745725299872084,0.010194144533127,-0.00784533403768263,0.0107236049692372,-0.00825059083956104,0.0112488738970378,-0.00867026851605422,0.0117587028306644,-0.00910053711736088,0.0122394575415209,-0.00953637119634921,0.0126748503800181,-0.00997141153756963,0.0130456446071628,-0.0103978080557761,0.0133293300115147,-0.0108060428507135,0.0134997692668432,-0.011184732400315,0.0135268147189999,-0.0115204078864311,0.0133758955855303,-0.0117972726794357,0.0130075759177386,0.988003063935387,0.0123770841225669,-0.0117085502091681,0.0117471772878678,-0.0113426835790246,0.0110846534028266,-0.0109174598295212,0.0104036778249331,-0.0104484333526784,0.0097160668434415,-0.00994886847907735,0.00903156945258427,-0.00942999554351997,0.0083581232645807,-0.00890124494071601,0.00770208613150174,-0.00837046035515714,0.00706844505603921,-0.00784409238301891,0.00646100396111244,-0.00732737377728533,0.00588255186095092,-0.00682447754377109,0.00533501293524729,-0.0063386590983656,0.00481957995615405
0.0042882215165539,-0.00950886035444789,0.00456696500792932,-0.0101366211495724,0.00486956387314201,-0.0108072738675055,0.0051988283820112,-0.0115205069961836,0.00555697711203048,-0.0122746550012343,0.00594560277860012,-0.0130665512335556,0.00636562465564427,-0.0138913544666796,0.006817226665097,-0.0147423474276794,0.00729978015038995,-0.0156107056296761,0.00781175028401495,-0.0164852347730317,0.00835058499438215,-0.0173520749609037,0.00891258523465187,-0.0181943699784092,0.00949275535831924,-0.0189918999192182,0.0100846323156741,-0.0197206755157298,0.0106800923447592,-0.0203524926466347,0.0112691338033763,-0.0208544456670468,0.0118396347787291,-0.0211883984408984,0.0123770841225669,0.97868958773662,0.0129143101993276,-0.0210862688708971,0.0131881664526158,-0.0206496888034675,0.013243031160305,-0.0200441248946747,0.0131179552493516,-0.0193072513547226,0.0128471453039891,-0.018471548423267,0.0124604187527668,-0.0175648446380157,0.0119836306704026,-0.0166108177774799,0.0114390720829566,-0.01562945584781,0.0108458400364359,-0.0146374797222409,0.0102201799897551,-0.0136487292175921,0.00957580133218804,-0.0126745145146978,0.00892416701132045,-0.0117239349067591
-0.00527251040315263,0.00696611949677866,-0.00555174797859009,0.00740429351884551,-0.00584942441694242,0.00786902164105796,-0.0061670554983551,0.00835871778473354,-0.00650555259899153,0.00887055391699147,-0.00686518311828849,0.00940033185173436,-0.0072455187899728,0.00994233375837951,-0.00764537110697303,0.0104891502806889,-0.0080627130421432,0.0110314851633808,-0.00849458619857867,0.0115579352973908,-0.00893699247697766,0.0120547451301888,-0.00938476930488426,0.0125055344504742,-0.00983144743583895,0.0128909986524148,-0.0102690902977815,0.0131885807195559,-0.0106881138520949,0.0133721143494554,-0.0110770859203343,0.0134114378746114,-0.0114225039481873,0.0132719789317498,-0.0117085502091681,0.0129143101993276,0.988083176492008,0.0122936769724359,-0.0116364743605213,0.0116728597922165,-0.0112780768386024,0.0110186851968115,-0.0108597660841772,0.0103453509222277,-0.0103971126568353,0.0096647083817172,-0.00990340069550494,0.00898654351724753,-0.0093898830873118,0.00831883193499204,-0.00886601475487702,0.00766796987730888,-0.00833966523238413,0.00703898259610986,-0.00781731173552662,0.00643571168377324,-0.00730421394486192,0.00586098289174872,-0.00680457171958745,0.0053167559271663
0.00376642825291296,-0.00855554592805023,0.00402650419847288,-0.00915426225464234,0.00430995268705188,-0.00979690583043439,0.00461957342353426,-0.0104838641679782,0.00495767255921573,-0.0112143718675417,0.0053260334057756,-0.0119863796133163,0.00572587514551005,-0.0127963990903916,0.00615779866475105,-0.0136393222193011,0.00662171857307413,-0.0145082130364588,0.00711678040410457,-0.0153940704915731,0.00764126192608878,-0.016285560391351,0.00819245742369741,-0.0171687146972015,0.0087665437487611,-0.0180265963885117,0.00935842687904362,-0.0188389281383446,0.00996156767324399,-0.0195816831217717,0.0105677854700255,-0.0202266363959723,0.0111670381521994,-0.0207408754640829,0.0117471772878678,-0.0210862688708971,0.0122936769724359,0.978781108011699,0.0128393606360053,-0.0210045481597801,0.0131210848995712,-0.0205769854425553,0.0131832378295525,-0.0199796886979005,0.01306488544217,-0.0192503674723494,0.0128002535729899,-0.0184215396253739,0.0124191820799641,-0.0175210727300799,0.0119475508000136,-0.0165726842874636,0.0114076771329247,-0.0155964021078469,0.010818685499079,-0.0146089864531521,0.0101968492194612,-0.0136243157109665,0.00955590560666364,-0.0126537374950603
-0.00477683278456905,0.00624215023975965,-0.0050424249281672,0.00666528150511985,-0.00532667850290361,0.00711690744342054,-0.00563120707542235,0.00759614419548419,-0.00595711197288291,0.00810103902299376,-0.00630494759698282,0.00862845502635346,-0.00667467582016081,0.0091739362647024,-0.00706560872839321,0.00973155216895423,-0.00747633892490656,0.0102937201185924,-0.00790465655832647,0.0108510050472679,-0.0083474521887496,0.0113918949549925,-0.0088006045575934,0.0119025512403064,-0.00925885228365555,0.0123665328291485,-0.00971564847061463,0.0127644931737573,-0.010162997182485,0.0130738493308946,-0.0105912707258257,0.0132684225108144,-0.0109890066736351,0.0133180497242467,-0.0113426835790246,0.0131881664526158,-0.0116364743605213,0.0128393606360053,0.988148023600798,0.0122268987242557,-0.0115783453057932,0.0116135869860676,-0.0112261655283182,0.010966281122428,-0.010813586788035,0.0102992104935598,-0.0103561974922219,0.00962425977029075,-0.00986730209000343,0.00895124908713116,-0.00935817555077726,0.00828818859407456,-0.00883829606407662,0.00764150894597298,-0.0083155571197525,0.0070162692820011,-0.00779646016309576,0.00641634424013534,-0.00728628903484061,0.00584459152665489
0.00329185689601537,-0.00767165030100831,0.00353339797686639,-0.00823935640943135,0.00379762615103769,-0.0088513087075634,0.00408729824177663,-0.00950846331298447,0.00440476388193259,-0.0102108022381835,0.00475194058504177,-0.0109572171669377,0.00513027811010884,-0.0117453713212884,0.00554071129728459,-0.0125715378624986,0.00598360048730183,-0.013430413191261,0.00645865857012695,-0.014314903442562,0.00696486363917485,-0.0152158824126542,0.00750035615813391,-0.0161219191136262,0.00806231947964681,-0.0170189731297127,0.00864684249069721,-0.0178900559539743,0.00924876310072019,-0.0187148565201602,0.00986149123762876,-0.0194693292190604,0.0104768099769083,-0.0201252428088827,0.0110846534028266,-0.0206496888034675,0.0116728597922165,-0.0210045481597801,0.0122268987242557,0.978854084602524,0.0127795963612243,-0.0209396182963605,0.0130678179651531,-0.0205194333883892,0.0131359649824445,-0.0199288769743899,0.0130231205316175,-0.0192056920893998,0.0127635303942157,-0.0183824313548502,0.0123870564630112,-0.0174869977282271,0.0119196020544037,-0.0165431441761958,0.011383508946667,-0.0155709336115422,0.0107979263794305,-0.0145871606755497,0.0101791525526533,-0.0136057371258632
-0.00431901342911594,0.00556715621724374,-0.00457049482056205,0.00597262413265904,-0.00484060638392637,0.00640782775670141,-0.00513102118133909,0.00687246903826923,-0.00544298179312727,0.0073653360796674,-0.00577727003287514,0.00788419983983352,-0.00613416685835617,0.00842569286904474,-0.00651340177957374,0.00898516897018073,-0.00691409101410065,0.0095565426490494,-0.00733466358750757,0.010132107195233,-0.00777277452417709,0.0107023302288456,-0.00822520422260404,0.0112556255613814,-0.00868774306093329,0.0117781002548193,-0.00915506023472093,0.0122532758271728,-0.00962055579167357,0.0126617826501827,-0.0100761947996241,0.0129810267218884,-0.0105123225667193,0.0131848281801452,-0.0109174598295212,0.0132430311603051,-0.0112780768386024,0.0131210848995712,-0.0115783453057932,0.0127795963612243,0.988200132763533,0.0121738551041789,-0.0115318075891205,0.0115666935742011,-0.0111847639178944,0.0109249958459265,-0.0107769019718196,0.0102630211090171,-0.0103238283863336,0.00959268469477225,-0.00983886742120016,0.0089238377071235,-0.00933331491325217,0.00826452114283433,-0.00881667053253908,0.0076211960286631,-0.00829684949136624,0.00699895111795085,-0.0077803748922623,0.00640168968247879
0.00286181700176132,-0.00685530473994736,0.00308516191265582,-0.00739076250037684,0.00333035114611858,-0.00797019418814868,0.00360007270142109,-0.00859501071252095,0.00389668305587578,-0.00926580723608872,0.00422218610868007,-0.00998226047923024,0.00457820261130555,-0.0107430061593331,0.00496592931280001,-0.0115454950652982,0.00538608698480149,-0.0123858261827522,0.00583885642397422,-0.0132585552060505,0.00632380146010265,-0.014156476702637,0.00683977792748609,-0.0150703781371963,0.00738482748698874,-0.0159887639212965,0.0079560551177316,-0.0168975476334159,0.00854948903279937,-0.0177797105595386,0.00915992171457634,-0.0186149247416841,0.00978073071480665,-0.0193791387973927,0.0104036778249331,-0.0200441248946747,0.0110186851968115,-0.0205769854425553,0.0116135869860676,-0.0209396182963605,0.0121738551041789,0.97891186041035,0.0127323233078206,-0.0208884023191377,0.0130258686748958,-0.0204742108811589,0.0130989077847911,-0.0198891112731235,0.0129905414244394,-0.0191708773684443,0.0127350349076117,-0.0183520931890137,0.0123622709498904,-0.0174606931729228,0.0118981744954544,-0.0165204614516163,0.0113651093474347,-0.0155514914661288,0.0107822468281741,-0.0145706074943344
-0.00389749784571443,0.00494074249578301,-0.00413464913824636,0.00532661880104754,-0.00439019172668115,0.00574288309347417,-0.00466582618525682,0.00618972056608214,-0.004962894850985,0.00666654091206352,-0.00528235549025623,0.00717188610356528,-0.00562474619219343,0.00770332175794608,-0.00599014082847205,0.00825731100356343,-0.00637809436808713,0.00882906971480814,-0.00678757728244837,0.00941240195273542,-0.00721689822228368,0.00999951442625485,-0.007663614094307,0.0105808087828209,-0.0081244266137772,0.0111446505507135,-0.00859506436042482,0.0116771135915925,-0.00907014932143491,0.0121616989868467,-0.00954304686814661,0.012579027379729,-0.010005698085021,0.0129065039333814,-0.0104484333526784,0.0131179552493516,-0.0108597660841772,0.0131832378295525,-0.0112261655283182,0.0130678179651531,-0.0115318075891205,0.0127323233078206,0.988241697329319,0.0121320668322273,-0.0114948274763467,0.011529906350827,-0.011151993905382,0.0108927525958901,-0.0107479840093094,0.0102348921491301,-0.0102984221327038,0.00956826800331829,-0.0098166511826345,0.00890275880894168,-0.00931398618602404,0.0082464326808309,-0.00879994621512523,0.00760577708355117,-0.00828246582294308,0.006985906329919
0.00247355866281541,-0.00610416188130102,0.00267921047977843,-0.00660674472232018,0.00290574552947635,-0.00715254780931651,0.00315576258174388,-0.00774333802288254,0.00343159487340866,-0.00838020617441042,0.00373529248105191,-0.00906347664791272,0.00406859627299925,-0.00979259909301124,0.00443290272019172,-0.010566020734633,0.00482921878341891,-0.0113810377752322,0.00525810602837981,-0.0122336242791891,0.00571961305110539,-0.0131182368490994,0.00621319522548039,-0.014027593332991,0.00673762071312723,-0.0149524237435631,0.0072908616051159,-0.0158811915292815,0.00786996899639801,-0.0167997833170652,0.00847093072930715,-0.0176911652524679,0.00908851048397634,-0.0185350041014651,0.0097160668434415,-0.0193072513547226,0.0103453509222277,-0.0199796886979005,0.010966281122428,-0.0205194333883892,0.0115666935742011,-0.0208884023191377,0.0121320668322273,0.978957266135769,0.0126952450429517,-0.0208483056165508,0.0129931186191692,-0.0204389482012463,0.0130701197274862,-0.0198582348648313,0.0129653663990692,-0.0191439672358419,0.0127131423407693,-0.0183287571696849,0.0123433493795374,-0.0174405666649209,0.0118819319275054,-0.0165032068556945,0.0113512733114748,-0.0155367974013757
-0.00351058065868032,0.0043619882399121,-0.00373338663542907,0.00472693573249212,-0.00397417773806562,0.00512243274539887,-0.00423465561466212,0.00554905775493042,-0.00451622725421366,0.0060067367145053,-0.00481998219027788,0.00649466102816076,-0.00514666188198166,0.00701119058832585,-0.00549662065150304,0.00755374081715671,-0.00586977750633927,0.00811865260090376,-0.00626555812161968,0.00870104396374024,-0.00668282620329697,0.00929464229382015,-0.00711980339824168,0.00989159591299453,-0.00757397686318368,0.0104822637759174,-0.00804199355235396,0.0110549820979691,-0.00851954023501535,0.0115958067487422,-0.00900120821046709,0.0120882303135333,-0.00948034165142886,0.0125128728247121,-0.00994886847907735,0.0128471453039891,-0.0103971126568353,0.01306488544217,-0.010813586788035,0.0131359649824445,-0.0111847639178944,0.0130258686748958,-0.0114948274763467,0.0126952450429517,0.98827460164091,0.0120994296570704,-0.0114656660647038,0.0115013040640973,-0.0111262570207048,0.0108678033757237,-0.0107253690511439,0.0102132387857958,-0.0102786431017008,0.00954957779120957,-0.00979943915833438,0.00888672316065851,-0.00929908951131295,0.00823276651819908,-0.0087871304380195,0.00759421805323369
0.00212431693123353,-0.00541551035822445,0.00231290702295152,-0.00588510071188018,0.00252133430983384,-0.00639677204097669,0.00275209271032478,-0.00695256186581995,0.00300746786858668,-0.00755395430963588,0.00328952255090909,-0.00820180095188676,0.00360007461870993,-0.00889622552113927,0.00394066690853295,-0.00963651106377099,0.00431252828918003,-0.0104209681323593,0.00471652510177958,-0.0112467824468951,0.00515310212094174,-0.0121098403952715,0.00562221210504525,-0.0130045306594058,0.00612323293211845,-0.0139235201828416,0.0066548712458457,-0.0148575026381491,0.00721505146525106,-0.0157949175117916,0.00780078894308949,-0.0167216379048084,0.00840804599365268,-0.0176206251547218,0.00903156945258426,-0.018471548423267,0.0096647083817172,-0.0192503674723493,0.0102992104935598,-0.0199288769743899,0.0109249958459265,-0.0204742108811589,0.011529906350827,-0.0208483056165508,0.0120994296570704,0.978992678826158,0.0126664216100784,-0.0208171582146955,0.012967786314876,-0.0204116713416085,0.0130479710979514,-0.0198344582325652,0.0129461101692836,-0.0191233450237238,0.0126965040532189,-0.018310967843555,0.0123290717133921,-0.0174253124773119,0.0118697747519981,-0.016490213158971
-0.00315645357927255,0.00382955265412062,-0.00336506644732328,0.00417273495130993,-0.00359112599533698,0.00454622390512101,-0.00383631336106505,0.00495091274341613,-0.00410207073289789,0.00538715104473827,-0.00438958170957237,0.00585467206024042,-0.00469974471066338,0.00635250649367419,-0.00503313885663901,0.00687888171401239,-0.00538998168741715,0.00743110531995222,-0.00577007803596951,0.00800543192511629,-0.00617275931930157,0.00859691198947591,-0.00659681245391679,0.00919922148890859,-0.00704039754757873,0.00980447119375408,-0.00750095346487913,0.0104029943220266,-0.00797509031202163,0.0109831113472814,-0.00845846783773489,0.0115308707792153,-0.00894565870393694,0.012029764801635,-0.00942999554351996,0.0124604187527668,-0.00990340069550495,0.0128002535729899,-0.0103561974922219,0.0130231205316175,-0.0107769019718196,0.0130989077847911,-0.011151993905382,0.0129931186191692,-0.0114656660647038,0.0126664216100784,0.988300449281715,0.0120741733783017,-0.0114428502642611,0.0114792770837175,-0.011106205124669,0.0108486896498562,-0.010707827845844,0.010196743980579,-0.0102633745137002,0.00953542893584214,-0.00978622041336938,0.00887466810377341,-0.00928771307899962,0.00822257322966486
0.0018113483825799,-0.00478637317507368,0.00198360530106852,-0.00522327223708795,0.00217459678345004,-0.00570081064442469,0.00238670038302478,-0.00622122331748743,0.00262213479097415,-0.0067862990261033,0.00288294788767171,-0.00739731139526758,0.00317099827774618,-0.00805493541220242,0.00348792968900785,-0.00875914814557953,0.00383513755737393,-0.00950911229420719,0.00421372705774796,-0.0103030410891682,0.00462446177502726,-0.0111380429822246,0.00506770214072197,-0.0120099444664731,0.00554333268986699,-0.012913089295279,0.00605067712091741,-0.0138401122953618,0.00658840006922293,-0.0147816859129129,0.00715439443373106,-0.015726237591653,0.00774565302824648,-0.0166596360631975,0.00835812326458069,-0.0175648446380157,0.00898654351724752,-0.0184215396253739,0.00962425977029074,-0.0192056920893998,0.0102630211090171,-0.0198891112731235,0.0108927525958901,-0.0204389482012462,0.0115013040640973,-0.0208171582146955,0.0120741733783017,0.979020078493966,0.0126442283567793,-0.0207931597424146,0.0129483863722748,-0.0203907489380894,0.0130311089192641,-0.0198163082563263,0.0129315449415474,-0.0191076851185042,0.0126840099820708,-0.0182975365164349,0.012318438073969,-0.0174138685001478
-0.00283324591603983,0.00334176696279435,-0.003027953247651,0.00366276841327769,-0.00323946679193199,0.0040135049931625,-0.00346942982219118,0.00439511647736121,-0.00371929525219397,0.00480829497197745,-0.00399030880294476,0.00525322077708068,-0.00428348601989636,0.00572948601619945,-0.00459958259880128,0.00623600504855729,-0.00493905742994537,0.00677091062091376,-0.00530202771926836,0.00733143466001553,-0.00568821549146643,0.00791377255601799,-0.00609688472526248,0.0085129297439952,-0.00652676831538901,0.00912254935730681,-0.00697598400034233,0.00973471970597981,-0.00744193834066038,0.0103397603286292,-0.00792121778053118,0.0109259853814597,-0.00840946577732323,0.0114794431667273,-0.00890124494071602,0.0119836306704026,-0.00938988308731179,0.0124191820799641,-0.00986730209000343,0.0127635303942157,-0.0103238283863336,0.0129905414244394,-0.0107479840093094,0.0130701197274862,-0.0111262570207048,0.012967786314876,-0.0114428502642611,0.0126442283567793,0.988320592581703,0.0120548215560548,-0.011425143248982,0.0114624883223093,-0.011090711181801,0.010834204732528,-0.0106943371296429,0.0101843225326345,-0.0102516906804875,0.00952484894074775,-0.00977616056884748,0.00886572528376485
0.00153196079792144,-0.00421359156719253,0.00168868362559089,-0.00461844024639308,0.00186300569226201,-0.00506225617313227,0.00205718017738788,-0.00554740922870936,0.00227334378310414,-0.00607591644668039,0.00251350710609177,-0.00664938217959715,0.00277953931544004,-0.00726892530487544,0.00307314656486822,-0.00793509225742356,0.00339584351226831,-0.00864775458334361,0.00374891725987247,-0.00940598961470042,0.00413338296489726,-0.0102079427716206,0.00454993030381931,-0.0110506699066848,0.00499885990413058,-0.0119299580198572,0.00548000878625597,-0.0128401225925468,0.00599266378617695,-0.0137737797197047,0.00653546185723339,-0.0147215911624562,0.00710627607880083,-0.0156719804044702,0.00770208613150174,-0.0166108177774799,0.00831883193499204,-0.0175210727300799,0.00895124908713116,-0.0183824313548502,0.00959268469477225,-0.0191708773684443,0.0102348921491301,-0.0198582348648313,0.0108678033757237,-0.0204116713416085,0.0114792770837175,-0.0207931597424146,0.0120548215560548,0.979041101424728,0.012627316167039,-0.0207748281850702,0.0129336906377026,-0.0203748433344187,0.013018419310205,-0.0198025817656796,0.0129206642292572,-0.019095909115491,0.0126747540870472,-0.0182875000720334
-0.00253905848640716,0.00289671382310445,-0.00272025534994609,0.00319546871594989,-0.00291754192878178,0.00352312465445014,-0.00313250994589544,0.00388100905387696,-0.00336660293367417,0.00427008589771302,-0.00362110188908337,0.00469089937529879,-0.00389710550883038,0.00514350650905228,-0.00419550450150882,0.00562739783326979,-0.00451694942692961,0.00614140512494294,-0.00486181146315903,0.00668359512740967,-0.00523013544966622,0.00725114815161934,-0.00562158450097436,0.00784022038919921,-0.00603537542993985,0.00844578872850361,-0.0064702041639817,0.00906147683186655,-0.0069241602821023,0.00967936121217572,-0.0073946297463744,0.0102897560428488,-0.00787818484987372,0.0108809754509776,-0.00837046035515715,0.0114390720829566,-0.00886601475487702,0.0119475508000136,-0.00935817555077727,0.0123870564630112,-0.00983886742120016,0.0127350349076117,-0.0102984221327038,0.0129653663990692,-0.0107253690511439,0.0130479710979514,-0.011106205124669,0.0129483863722748,-0.011425143248982,0.012627316167039,0.988336162012162,0.0120401530991096,-0.0114115155439931,0.0114498364008236,-0.0110788410925749,0.0108233586928741,-0.0106840524102233,0.0101750878354014,-0.010242830898325,0.00951704661315886
0.00128353684724963,-0.00369389594644516,0.0014255725179128,-0.00406760594473351,0.00158405937077153,-0.00447844235179994,0.00176112117107211,-0.00492885718131006,0.00195880132062723,-0.00542103034216088,0.00217905524811833,-0.00595681804226587,0.00242373784809992,-0.00653768964903333,0.00269458544352924,-0.0071646518718338,0.00299319169403641,-0.00783815903975813,0.00332097681528063,-0.00855800815397457,0.00367914941396585,-0.00932321729930237,0.00406866017883254,-0.0101318859057705,0.00449014660070254,-0.0109810352597218,0.00494386782502581,-0.0118664275775665,0.0054296286690772,-0.0127823618760389,0.00594669176382944,-0.0137214448036267,0.00649367670860013,-0.0146743345420235,0.00706844505603922,-0.01562945584781,0.00766796987730888,-0.0165726842874636,0.00828818859407456,-0.0174869977282271,0.00892383770712349,-0.0183520931890137,0.00956826800331829,-0.0191439672358419,0.0102132387857958,-0.0198344582325652,0.0108486896498562,-0.0203907489380894,0.0114624883223093,-0.0207748281850702,0.0120401530991096,0.979057089307463,0.0126145740618564,-0.0207609530838956,0.0129226920778907,-0.020362866258397,0.0130089928600761,-0.0197923037832623,0.0129126498695426,-0.0190871466727364
-0.00227199171553415,0.00249229546756228,-0.0024401565712796,0.00276902572671342,-0.00262364080374519,0.00307361779990808,-0.00282397406391565,0.0034075361765909,-0.00304257421033311,0.00377195549363558,-0.00328073516256571,0.00416771122537511,-0.00353960999801957,0.00459524050075088,-0.00382018882685822,0.00505451215872284,-0.00412327093494672,0.00554494509028845,-0.00444943063690824,0.00606531385349656,-0.004798976230936,0.0066136404880771,-0.00517190139437228,0.00718707140032175,-0.00556782830475137,0.00778173813847117,-0.00598594171560017,0.00839260083620362,-0.00642491316049822,0.00901327306930662,-0.00688281440354639,0.00963582685103604,-0.00735701920044923,0.0102505764882151,-0.00784409238301892,0.0108458400364359,-0.00833966523238413,0.0114076771329247,-0.00883829606407662,0.0119196020544037,-0.00933331491325217,0.0123622709498904,-0.0098166511826345,0.0127131423407693,-0.0102786431017008,0.0129461101692836,-0.010707827845844,0.0130311089192641,-0.011090711181801,0.0129336906377026,-0.0114115155439931,0.0126145740618564,0.988348094490522,0.0120291665140891,-0.0114011175618835,0.0114404216825988,-0.0110698272518581,0.0108153462638585,-0.0106762826833302,0.0101683217114267
0.00106355257108572,-0.00322396540096739,0.00119177672142842,-0.00356765943312425,0.00133530775875804,-0.00394652294012748,0.0014961374863462,-0.00436304575833577,0.00167620788284419,-0.00481951508903556,0.00187740523899255,-0.00531797128186563,0.00210155001154735,-0.00586015337673886,0.00235038191368963,-0.0064474333469996,0.00262553971149794,-0.00708073789676732,0.00292853514217109,-0.00776045657283076,0.00326072031184787,-0.00848633485713426,0.00362324786939368,-0.00925735081109959,0.00401702318779228,-0.0100715737492514,0.00444264771725656,-0.0109260033286289,0.00490035260442216,-0.0118163873543504,0.0053899216006973,-0.012737016522882,0.00591060221083994,-0.0136804942558834,0.00646100396111243,-0.0146374797222409,0.00703898259610986,-0.0155964021078469,0.00764150894597297,-0.0165431441761958,0.00826452114283433,-0.0174606931729228,0.00890275880894167,-0.0183287571696849,0.00954957779120956,-0.0191233450237238,0.010196743980579,-0.0198163082563263,0.010834204732528,-0.0203748433344187,0.0114498364008236,-0.0207609530838956,0.0120291665140891,0.979069133718716,0.0126050947709092,-0.0207505534898651,0.0129145718537472,-0.020353939283492,0.0130020933336771,-0.0197846905209169
-0.00203016863640463,0.00212629177658752,-0.00218584260414144,0.00238145237169406,-0.00235603057829169,0.00266327997860496,-0.00254219232973974,0.00297333304870686,-0.00274570706643044,0.00331294412230402,-0.00296786322188399,0.00368317689302248,-0.00320984408815841,0.00408477445302637,-0.00347270886453117,0.00451809788129842,-0.00375736865043958,0.00498305427421123,-0.00406455686547593,0.00547901325449528,-0.00439479353075713,0.00600471093262762,-0.00474834279510621,0.00655814023495388,-0.00512516303659537,0.00713642645706145,-0.00552484881557644,0.00773568685084834,-0.00594656389993711,0.00835087301146391,-0.0063889645276466,0.00897559479824587,-0.00685011201649951,0.00960192450471157,-0.00732737377728533,0.0102201799897551,-0.00781731173552662,0.010818685499079,-0.0083155571197525,0.011383508946667,-0.00881667053253908,0.0118981744954544,-0.00931398618602404,0.0123433493795374,-0.00979943915833438,0.0126965040532189,-0.0102633745137002,0.0129315449415474,-0.0106943371296429,0.013018419310205,-0.0110788410925749,0.0129226920778907,-0.0114011175618835,0.0126050947709092,0.988357159934002,0.0120210472776418,-0.0113932541169624,0.0114335155169555,-0.0110630442475237,0.0108095179926714
0.000869591376235595,-0.00280047709162229,0.000984892321580171,-0.00311543732200158,0.00111437307290591,-0.00346353856201632,0.00125989299629925,-0.00384727168160347,0.00142328723472411,-0.00426898430331591,0.00160636234705167,-0.00473084317293928,0.00181088826392749,-0.00523478747973516,0.00203858612198871,-0.00578247214536966,0.00229111149125591,-0.0063752000136963,0.00257003245972421,-0.00701384178325722,0.00287680198444199,-0.00769874243149047,0.0032127238599124,-0.00842961278521022,0.00357891159276085,-0.00920540479718637,0.00397623940662962,-0.0100241689950616,0.00440528453362654,-0.0108828924781482,0.00486625987890898,-0.0117773157519003,0.00535893607379305,-0.0127017266114749,0.00588255186095093,-0.0136487292175921,0.00643571168377323,-0.0146089864531521,0.00701626928200109,-0.0155709336115422,0.0076211960286631,-0.0165204614516163,0.0082464326808309,-0.0174405666649209,0.00888672316065851,-0.018310967843555,0.00953542893584214,-0.0191076851185042,0.0101843225326345,-0.0198025817656796,0.0108233586928741,-0.020362866258397,0.0114404216825988,-0.0207505534898651,0.0120210472776418,0.979078115792309,0.0125981435980986,-0.0207428407223594,0.0129086697884227,-0.0203473590291426
-0.00181175343745519,0.0017964093877976,-0.00195552257351433,0.00203064073669005,-0.00211298113097722,0.00229023127652719,-0.00228551350457092,0.00257679694465906,-0.00247445014258378,0.00289178302494024,-0.00268105903227337,0.00323642695324469,-0.00290653357257489,0.00361171327585535,-0.00315197644041658,0.00401831997508081,-0.00341837901645322,0.00445655531400966,-0.00370659589253697,0.00492628428901709,-0.00401731393695304,0.00542684371542317,-0.00435101534460449,0.00595694490967432,-0.00470793404823568,0.0065145628718803,-0.00508800481380894,0.00709681081701442,-0.00549080428874652,0.00769979885335489,-0.00591548321646861,0.00831847556487991,-0.00636068897515962,0.00894645122272113,-0.00682447754377109,0.00957580133218804,-0.00730421394486192,0.0101968492194612,-0.00779646016309577,0.0107979263794305,-0.00829684949136624,0.0113651093474347,-0.00879994621512523,0.0118819319275054,-0.00929908951131294,0.0123290717133921,-0.00978622041336938,0.0126840099820708,-0.0102516906804875,0.0129206642292572,-0.0106840524102233,0.0130089928600761,-0.0110698272518581,0.0129145718537472,-0.0113932541169624,0.0125981435980986,0.98836398565266,0.0120151385480583,-0.0113873612238507,0.0114285328189926
0.000699354186772322,-0.00242014676808907,0.000802619650463167,-0.00270777060799035,0.000918965851985995,-0.00302647285988093,0.00105012094830515,-0.00337871524919343,0.00119781011986399,-0.00376686665834902,0.00136375249370687,-0.00419317135499053,0.00154965491933618,-0.00465970925581017,0.00175720219875247,-0.00516834731950143,0.00198804332846036,-0.00572068107890784,0.00224377326357433,-0.00631796523510277,0.00252590966263,-0.00696103214557391,0.0028358640164397,-0.00765019694572112,0.00317490650551675,-0.00838514794849898,0.00354412386848147,-0.00916482087245098,0.00394436949878145,-0.0099872553550371,0.0043762049194234,-0.0108494321177734,0.00483983171574965,-0.0117470890643228,0.00533501293524728,-0.0126745145146978,0.00586098289174872,-0.0136243157109665,0.00641634424013534,-0.0145871606755497,0.00699895111795085,-0.0155514914661288,0.00760577708355118,-0.0165032068556945,0.00823276651819908,-0.0174253124773119,0.00887466810377341,-0.0182975365164349,0.00952484894074775,-0.019095909115491,0.0101750878354014,-0.0197923037832623,0.0108153462638585,-0.020353939283492,0.0114335155169555,-0.0207428407223594,0.0120151385480583,0.979084741126737,0.0125931306927092,-0.02073718579764
-0.00161496614083446,0.0015003228584719,-0.00174744639173794,0.0017144095418967,-0.00189278544170374,0.00195247085015084,-0.00205228876883883,0.00221614961554111,-0.00222723041917237,0.00250696547844671,-0.00241884597417258,0.00282628284509542,-0.00262832239414074,0.00317527189146792,-0.00285678437719925,0.00355486187995551,-0.00310527683540809,0.00396568599419796,-0.00337474304840998,0.00440801683486448,-0.00366599801105381,0.00488169165577395,-0.00397969644485098,0.00538602635658957,-0.00431629489410167,0.00591971718645054,-0.00467600727636732,0.00648072905360123,-0.0050587532040158,0.00706616928085425,-0.00546409833925982,0.00767214559734331,-0.00589118598998477,0.00829360711554131,-0.00633865909836559,0.00892416701132044,-0.00680457171958745,0.00955590560666364,-0.00728628903484061,0.0101791525526533,-0.00778037489226231,0.0107822468281741,-0.00828246582294308,0.0113512733114748,-0.0087871304380195,0.0118697747519981,-0.00928771307899962,0.012318438073969,-0.00977616056884748,0.0126747540870472,-0.010242830898325,0.0129126498695426,-0.0106762826833302,0.0130020933336771,-0.0110630442475237,0.0129086697884227,-0.0113873612238507,0.0125931306927092,0.988369078367451,0.0120109152504309
0.000550666322179628,-0.00207976151467928,0.000642772581500188,-0.00234152398928522,0.000746897017278638,-0.00263229921803628,0.000864639185474769,-0.00295449538908537,0.000997613087246132,-0.00331047027811054,0.0011474451817689,-0.00370250466498483,0.0013157697289801,-0.00413276877264253,0.00150422110124561,-0.00460328089372126,0.00171442266230085,-0.00511585729093085,0.00194797176732313,-0.00567205237325363,0.00220642038971951,-0.00627308806252008,0.00249125082822924,-0.00691977117426188,0.0028038458923596,-0.00761239754381146,0.00314545290516916,-0.00835064153436773,0.00351714080021178,-0.00913342946936624,0.0039197495243699,-0.00995879543840867,0.00435383089073553,-0.010823717835932,0.00481957995615405,-0.0117239349067592,0.00531675592716629,-0.0126537374950603,0.00584459152665488,-0.0136057371258632,0.00640168968247879,-0.0145706074943344,0.006985906329919,-0.0155367974013757,0.00759421805323368,-0.016490213158971,0.00822257322966486,-0.0174138685001478,0.00886572528376485,-0.0182875000720334,0.00951704661315886,-0.0190871466727364,0.0101683217114267,-0.0197846905209168,0.0108095179926714,-0.0203473590291426,0.0114285328189926,-0.02073718579764,0.0120109152504309,0.979089570135867
